anchor_date,route,horizon_days,model,mae,rmse,wmape
2017-07-25,AER-SVO,1,timesfm,14.068206787109375,14.068206849834365,0.04382618889212608
2017-07-25,AER-SVO,1,naive_last,18.0,18.0,0.05607476457953453
2017-07-25,AER-SVO,1,seasonal7,21.0,21.0,0.06542056053876877
2017-07-25,AER-SVO,7,timesfm,26.247920989990234,27.66288651835422,0.08553791791200638
2017-07-25,AER-SVO,7,naive_last,9.571428298950195,11.141941501040007,0.031191807240247726
2017-07-25,AER-SVO,7,seasonal7,22.285715103149414,34.79737314416671,0.07262569665908813
2017-07-25,AER-SVO,14,timesfm,20.622404098510742,23.89682846413999,0.06570634245872498
2017-07-25,AER-SVO,14,naive_last,14.714285850524902,19.261360284258224,0.046882111579179764
2017-07-25,AER-SVO,14,seasonal7,22.428571701049805,31.78499182894981,0.07146108150482178
2017-07-25,AER-VKO,1,timesfm,1.070526123046875,1.0705261017326793,0.006862347014248371
2017-07-25,AER-VKO,1,naive_last,14.0,14.0,0.08974359184503555
2017-07-25,AER-VKO,1,seasonal7,1.0,1.0,0.006410256493836641
2017-07-25,AER-VKO,7,timesfm,15.80218505859375,20.473870721586056,0.094623863697052
2017-07-25,AER-VKO,7,naive_last,25.0,27.320845317580996,0.1497005969285965
2017-07-25,AER-VKO,7,seasonal7,14.428571701049805,18.481651486011486,0.08639863133430481
2017-07-25,AER-VKO,14,timesfm,15.145106315612793,18.37266556838965,0.09295549988746643
2017-07-25,AER-VKO,14,naive_last,20.928571701049805,25.04424673320389,0.12845243513584137
2017-07-25,AER-VKO,14,seasonal7,16.5,21.05604775870336,0.1012713685631752
2017-07-25,DME-KHV,1,timesfm,17.206298828125,17.206299200517652,0.0905594676733017
2017-07-25,DME-KHV,1,naive_last,46.0,46.0,0.24210526049137115
2017-07-25,DME-KHV,1,seasonal7,31.0,31.0,0.1631578952074051
2017-07-25,DME-KHV,7,timesfm,14.687403678894043,17.148545166233763,0.07100264728069305
2017-07-25,DME-KHV,7,naive_last,29.14285659790039,32.78065605098245,0.14088398218154907
2017-07-25,DME-KHV,7,seasonal7,30.428571701049805,31.81868301591358,0.14709945023059845
2017-07-25,DME-KHV,14,timesfm,13.867690086364746,15.905819750289858,0.06824170798063278
2017-07-25,DME-KHV,14,naive_last,32.78571319580078,35.92154197322792,0.16133567690849304
2017-07-25,DME-KHV,14,seasonal7,30.071428298950195,33.37556874222801,0.14797891676425934
2017-07-25,DME-KRR,1,timesfm,25.580795288085938,25.580795046192613,0.1716831922531128
2017-07-25,DME-KRR,1,naive_last,50.0,50.0,0.33557048439979553
2017-07-25,DME-KRR,1,seasonal7,34.0,34.0,0.2281879186630249
2017-07-25,DME-KRR,7,timesfm,17.358753204345703,24.061544979018777,0.09448777139186859
2017-07-25,DME-KRR,7,naive_last,25.0,28.508144352686195,0.13608087599277496
2017-07-25,DME-KRR,7,seasonal7,27.428571701049805,33.6494541798461,0.14930015802383423
2017-07-25,DME-KRR,14,timesfm,13.345829963684082,18.599246659968767,0.07341517508029938
2017-07-25,DME-KRR,14,naive_last,22.071428298950195,24.85242208117312,0.12141453474760056
2017-07-25,DME-KRR,14,seasonal7,20.214284896850586,26.700722628183446,0.11119842529296875
2017-07-25,DME-KUF,1,timesfm,9.31610107421875,9.316101197180787,0.06469514966011047
2017-07-25,DME-KUF,1,naive_last,13.0,13.0,0.0902777761220932
2017-07-25,DME-KUF,1,seasonal7,14.0,14.0,0.0972222238779068
2017-07-25,DME-KUF,7,timesfm,20.421478271484375,25.078678683529535,0.14828874170780182
2017-07-25,DME-KUF,7,naive_last,25.0,28.18054086246006,0.1815352737903595
2017-07-25,DME-KUF,7,seasonal7,22.714284896850586,28.246364663425606,0.16493776440620422
2017-07-25,DME-KUF,14,timesfm,18.148605346679688,22.553630744641204,0.1293688714504242
2017-07-25,DME-KUF,14,naive_last,21.285715103149414,24.84523506764237,0.15173116326332092
2017-07-25,DME-KUF,14,seasonal7,21.428571701049805,25.67934167511285,0.15274949371814728
2017-07-25,DME-KZN,1,timesfm,15.667694091796875,15.667694112215278,0.11191210150718689
2017-07-25,DME-KZN,1,naive_last,6.0,6.0,0.04285714402794838
2017-07-25,DME-KZN,1,seasonal7,34.0,34.0,0.24285714328289032
2017-07-25,DME-KZN,7,timesfm,17.031322479248047,18.457552489333043,0.11300402879714966
2017-07-25,DME-KZN,7,naive_last,12.428571701049805,14.13708411295614,0.08246445655822754
2017-07-25,DME-KZN,7,seasonal7,19.571428298950195,21.15588432683424,0.12985782325267792
2017-07-25,DME-KZN,14,timesfm,14.253487586975098,16.530630637322282,0.09426019340753555
2017-07-25,DME-KZN,14,naive_last,11.785714149475098,13.604095941722903,0.07794047892093658
2017-07-25,DME-KZN,14,seasonal7,16.071428298950195,17.962261906096433,0.10628247261047363
2017-07-25,DME-LED,1,timesfm,12.074310302734375,12.07431037149806,0.05390316992998123
2017-07-25,DME-LED,1,naive_last,23.0,23.0,0.1026785746216774
2017-07-25,DME-LED,1,seasonal7,9.0,9.0,0.0401785708963871
2017-07-25,DME-LED,7,timesfm,10.164387702941895,13.858476026897256,0.052393749356269836
2017-07-25,DME-LED,7,naive_last,16.14285659790039,18.504825272063755,0.08321060240268707
2017-07-25,DME-LED,7,seasonal7,11.571428298950195,14.42715678098783,0.05964653939008713
2017-07-25,DME-LED,14,timesfm,16.506925582885742,19.77860477352003,0.07922418415546417
2017-07-25,DME-LED,14,naive_last,18.928571701049805,21.442614242820447,0.09084676206111908
2017-07-25,DME-LED,14,seasonal7,17.785715103149414,21.723916735929766,0.08536167442798615
2017-07-25,DME-OVB,1,timesfm,6.1240234375,6.12402335963662,0.017854295670986176
2017-07-25,DME-OVB,1,naive_last,24.0,24.0,0.06997084617614746
2017-07-25,DME-OVB,1,seasonal7,5.0,5.0,0.014577259309589863
2017-07-25,DME-OVB,7,timesfm,25.899675369262695,30.53789130204935,0.07643242925405502
2017-07-25,DME-OVB,7,naive_last,31.285715103149414,35.63906315078477,0.09232714772224426
2017-07-25,DME-OVB,7,seasonal7,27.428571701049805,38.96885180670342,0.08094435185194016
2017-07-25,DME-OVB,14,timesfm,23.77675437927246,29.951182000426233,0.06926228851079941
2017-07-25,DME-OVB,14,naive_last,31.571428298950195,35.63705936241092,0.09196837246417999
2017-07-25,DME-OVB,14,seasonal7,25.428571701049805,35.7451288065722,0.07407407462596893
2017-07-25,IKT-LED,1,timesfm,2.970855712890625,2.9708557691614157,0.021685078740119934
2017-07-25,IKT-LED,1,naive_last,8.0,8.0,0.058394160121679306
2017-07-25,IKT-LED,1,seasonal7,4.0,4.0,0.029197080060839653
2017-07-25,IKT-LED,7,timesfm,9.192753791809082,10.841014857909478,0.06402912735939026
2017-07-25,IKT-LED,7,naive_last,8.571428298950195,9.365590574234986,0.05970149114727974
2017-07-25,IKT-LED,7,seasonal7,6.285714149475098,6.6332495807108,0.0437810942530632
2017-07-25,IKT-LED,14,timesfm,12.825592994689941,16.812466419285702,0.08902245759963989
2017-07-25,IKT-LED,14,naive_last,11.642857551574707,14.964243168580175,0.08081308752298355
2017-07-25,IKT-LED,14,seasonal7,13.357142448425293,16.52487342312765,0.09271194785833359
2017-07-25,KHV-DME,1,timesfm,3.218353271484375,3.218353247031883,0.01658944971859455
2017-07-25,KHV-DME,1,naive_last,36.0,36.0,0.1855670064687729
2017-07-25,KHV-DME,1,seasonal7,42.0,42.0,0.2164948433637619
2017-07-25,KHV-DME,7,timesfm,14.794318199157715,17.794526465156093,0.07370834797620773
2017-07-25,KHV-DME,7,naive_last,29.285715103149414,33.37877802235464,0.1459074765443802
2017-07-25,KHV-DME,7,seasonal7,34.85714340209961,37.754848547798304,0.17366547882556915
2017-07-25,KHV-DME,14,timesfm,13.656365394592285,16.793434422334986,0.06897154450416565
2017-07-25,KHV-DME,14,naive_last,32.0,35.282533607074974,0.16161616146564484
2017-07-25,KHV-DME,14,seasonal7,31.714284896850586,36.1267604728908,0.16017316281795502
2017-07-25,KRR-DME,1,timesfm,35.49462890625,35.49462849986953,0.2553570568561554
2017-07-25,KRR-DME,1,naive_last,53.0,53.0,0.38129496574401855
2017-07-25,KRR-DME,1,seasonal7,38.0,38.0,0.2733812928199768
2017-07-25,KRR-DME,7,timesfm,18.074674606323242,23.227157692928927,0.10219928622245789
2017-07-25,KRR-DME,7,naive_last,23.14285659790039,27.09770664772955,0.1308562159538269
2017-07-25,KRR-DME,7,seasonal7,26.714284896850586,31.1562882005157,0.15105007588863373
2017-07-25,KRR-DME,14,timesfm,15.701309204101562,19.640871275554215,0.08928445726633072
2017-07-25,KRR-DME,14,naive_last,21.14285659790039,24.49198066100859,0.12022745609283447
2017-07-25,KRR-DME,14,seasonal7,23.14285659790039,28.357413198329308,0.13160032033920288
2017-07-25,KZN-DME,1,timesfm,11.961822509765625,11.961822815864018,0.08731257170438766
2017-07-25,KZN-DME,1,naive_last,3.0,3.0,0.021897809579968452
2017-07-25,KZN-DME,1,seasonal7,33.0,33.0,0.24087591469287872
2017-07-25,KZN-DME,7,timesfm,10.547513961791992,13.10763301801515,0.07133584469556808
2017-07-25,KZN-DME,7,naive_last,10.142857551574707,13.228756555322953,0.06859903037548065
2017-07-25,KZN-DME,7,seasonal7,13.285714149475098,16.87347902578463,0.08985507488250732
2017-07-25,KZN-DME,14,timesfm,11.873101234436035,13.687178377178801,0.07930506765842438
2017-07-25,KZN-DME,14,naive_last,12.571428298950195,14.851647261889893,0.08396946638822556
2017-07-25,KZN-DME,14,seasonal7,14.571428298950195,17.067094233243285,0.09732824563980103
2017-07-25,LED-DME,1,timesfm,30.067398071289062,30.067397640615763,0.1488485038280487
2017-07-25,LED-DME,1,naive_last,31.0,31.0,0.15346534550189972
2017-07-25,LED-DME,1,seasonal7,25.0,25.0,0.12376237660646439
2017-07-25,LED-DME,7,timesfm,14.241147994995117,17.27069442687028,0.08286619931459427
2017-07-25,LED-DME,7,naive_last,12.571428298950195,15.729862479004654,0.07315045595169067
2017-07-25,LED-DME,7,seasonal7,19.85714340209961,23.037237126738827,0.11554447561502457
2017-07-25,LED-DME,14,timesfm,18.921630859375,24.25015353124723,0.10137881338596344
2017-07-25,LED-DME,14,naive_last,21.5,28.222331583340168,0.11519326269626617
2017-07-25,LED-DME,14,seasonal7,24.5,32.76867050402812,0.1312667429447174
2017-07-25,LED-IKT,1,timesfm,16.249420166015625,16.24942062518836,0.12596449255943298
2017-07-25,LED-IKT,1,naive_last,25.0,25.0,0.19379845261573792
2017-07-25,LED-IKT,1,seasonal7,21.0,21.0,0.1627907007932663
2017-07-25,LED-IKT,7,timesfm,10.920462608337402,12.781704248689866,0.0752394050359726
2017-07-25,LED-IKT,7,naive_last,12.285714149475098,14.020393232416898,0.08464566618204117
2017-07-25,LED-IKT,7,seasonal7,8.571428298950195,10.583005244258363,0.05905511975288391
2017-07-25,LED-IKT,14,timesfm,12.682256698608398,16.820491210441713,0.08614826947450638
2017-07-25,LED-IKT,14,naive_last,13.5,16.298553702190976,0.09170305728912354
2017-07-25,LED-IKT,14,seasonal7,15.071428298950195,17.572299381879603,0.10237748920917511
2017-07-25,LED-SVO,1,timesfm,32.72125244140625,32.72125333665988,0.10006499290466309
2017-07-25,LED-SVO,1,naive_last,18.0,18.0,0.055045872926712036
2017-07-25,LED-SVO,1,seasonal7,6.0,6.0,0.01834862306714058
2017-07-25,LED-SVO,7,timesfm,20.435049057006836,24.615027872581592,0.06434788554906845
2017-07-25,LED-SVO,7,naive_last,20.0,22.193950564295456,0.06297795474529266
2017-07-25,LED-SVO,7,seasonal7,19.285715103149414,23.47947413308923,0.06072874367237091
2017-07-25,LED-SVO,14,timesfm,24.409587860107422,28.274662561536434,0.07663920521736145
2017-07-25,LED-SVO,14,naive_last,23.64285659790039,27.175356483402386,0.07423189282417297
2017-07-25,LED-SVO,14,seasonal7,22.35714340209961,28.298157282169562,0.07019510865211487
2017-07-25,LED-VKO,1,timesfm,57.57044982910156,57.570449793736415,0.33666929602622986
2017-07-25,LED-VKO,1,naive_last,69.0,69.0,0.4035087823867798
2017-07-25,LED-VKO,1,seasonal7,45.0,45.0,0.2631579041481018
2017-07-25,LED-VKO,7,timesfm,24.48453140258789,32.560998570831444,0.11771409958600998
2017-07-25,LED-VKO,7,naive_last,32.57143020629883,39.009155763723435,0.1565934121608734
2017-07-25,LED-VKO,7,seasonal7,18.0,23.543273042769695,0.08653846383094788
2017-07-25,LED-VKO,14,timesfm,22.983625411987305,29.13044812241137,0.10654660314321518
2017-07-25,LED-VKO,14,naive_last,28.428571701049805,33.70248029054204,0.13178807497024536
2017-07-25,LED-VKO,14,seasonal7,16.428571701049805,20.667434596079,0.07615894079208374
2017-07-25,OVB-DME,1,timesfm,2.053009033203125,2.053009043863614,0.006202444434165955
2017-07-25,OVB-DME,1,naive_last,26.0,26.0,0.07854984700679779
2017-07-25,OVB-DME,1,seasonal7,8.0,8.0,0.024169184267520905
2017-07-25,OVB-DME,7,timesfm,24.738271713256836,29.943699204846293,0.07519231736660004
2017-07-25,OVB-DME,7,naive_last,31.714284896850586,35.42396332617759,0.09639600664377213
2017-07-25,OVB-DME,7,seasonal7,28.714284896850586,37.544259363221066,0.08727746456861496
2017-07-25,OVB-DME,14,timesfm,24.49306869506836,29.554207346416856,0.07363172620534897
2017-07-25,OVB-DME,14,naive_last,33.21428680419922,36.4093782186077,0.09984968602657318
2017-07-25,OVB-DME,14,seasonal7,29.64285659790039,37.60983913818298,0.08911316096782684
2017-07-25,OVB-SVO,1,timesfm,54.313201904296875,54.313201232527256,0.17866185307502747
2017-07-25,OVB-SVO,1,naive_last,32.0,32.0,0.10526315867900848
2017-07-25,OVB-SVO,1,seasonal7,41.0,41.0,0.13486842811107635
2017-07-25,OVB-SVO,7,timesfm,16.899106979370117,23.545225089425642,0.062096454203128815
2017-07-25,OVB-SVO,7,naive_last,19.85714340209961,21.38423965368903,0.07296588271856308
2017-07-25,OVB-SVO,7,seasonal7,19.428571701049805,24.0,0.07139107584953308
2017-07-25,OVB-SVO,14,timesfm,17.65705108642578,23.043715355445887,0.06335179507732391
2017-07-25,OVB-SVO,14,naive_last,20.0,22.869193252058544,0.07175806909799576
2017-07-25,OVB-SVO,14,seasonal7,20.85714340209961,26.1233341835836,0.07483341544866562
2017-07-25,PEE-VKO,1,timesfm,6.951629638671875,6.951629546432266,0.02537091076374054
2017-07-25,PEE-VKO,1,naive_last,24.0,24.0,0.08759123831987381
2017-07-25,PEE-VKO,1,seasonal7,12.0,12.0,0.043795619159936905
2017-07-25,PEE-VKO,7,timesfm,12.869118690490723,14.507474879956819,0.04746250435709953
2017-07-25,PEE-VKO,7,naive_last,26.85714340209961,30.477157293606286,0.09905163198709488
2017-07-25,PEE-VKO,7,seasonal7,19.428571701049805,23.470345474645633,0.07165437191724777
2017-07-25,PEE-VKO,14,timesfm,15.92884349822998,18.91215929731741,0.057430803775787354
2017-07-25,PEE-VKO,14,naive_last,20.64285659790039,25.95187854472196,0.07442698627710342
2017-07-25,PEE-VKO,14,seasonal7,20.071428298950195,24.45257836849087,0.07236672937870026
2017-07-25,SCW-DME,1,timesfm,9.744277954101562,9.744277839971446,0.06496185064315796
2017-07-25,SCW-DME,1,naive_last,7.0,7.0,0.046666666865348816
2017-07-25,SCW-DME,1,seasonal7,16.0,16.0,0.1066666692495346
2017-07-25,SCW-DME,7,timesfm,14.949914932250977,18.78444589853115,0.10464940965175629
2017-07-25,SCW-DME,7,naive_last,9.857142448425293,12.218253591458778,0.0689999982714653
2017-07-25,SCW-DME,7,seasonal7,17.428571701049805,20.276657830697918,0.12200000137090683
2017-07-25,SCW-DME,14,timesfm,16.01740837097168,19.660920332733106,0.10859260708093643
2017-07-25,SCW-DME,14,naive_last,11.5,14.149709508495384,0.0779661014676094
2017-07-25,SCW-DME,14,seasonal7,18.928571701049805,22.259829289552066,0.1283292919397354
2017-07-25,SVO-AER,1,timesfm,6.491943359375,6.491943354784337,0.019554046913981438
2017-07-25,SVO-AER,1,naive_last,14.0,14.0,0.04216867312788963
2017-07-25,SVO-AER,1,seasonal7,41.0,41.0,0.1234939768910408
2017-07-25,SVO-AER,7,timesfm,25.874141693115234,28.213053351144595,0.08165869861841202
2017-07-25,SVO-AER,7,naive_last,9.142857551574707,11.096975282147728,0.028854824602603912
2017-07-25,SVO-AER,7,seasonal7,26.428571701049805,36.74817803466163,0.08340847492218018
2017-07-25,SVO-AER,14,timesfm,21.048707962036133,24.222894050699356,0.06516627967357635
2017-07-25,SVO-AER,14,naive_last,11.428571701049805,14.923614815948739,0.03538257256150246
2017-07-25,SVO-AER,14,seasonal7,23.571428298950195,31.261569147539703,0.07297655940055847
2017-07-25,SVO-LED,1,timesfm,29.90606689453125,29.90606734041658,0.08424244076013565
2017-07-25,SVO-LED,1,naive_last,13.0,13.0,0.03661971911787987
2017-07-25,SVO-LED,1,seasonal7,20.0,20.0,0.056338027119636536
2017-07-25,SVO-LED,7,timesfm,21.978899002075195,23.81391738317769,0.06483451277017593
2017-07-25,SVO-LED,7,naive_last,19.85714340209961,21.96425638052901,0.05857564136385918
2017-07-25,SVO-LED,7,seasonal7,23.0,24.05648133941441,0.06784661114215851
2017-07-25,SVO-LED,14,timesfm,24.166372299194336,27.523816701900987,0.07113734632730484
2017-07-25,SVO-LED,14,naive_last,23.285715103149414,26.28959648417566,0.06854499876499176
2017-07-25,SVO-LED,14,seasonal7,24.285715103149414,27.568097504180443,0.0714886486530304
2017-07-25,SVO-OVB,1,timesfm,43.53155517578125,43.53155565667996,0.140878826379776
2017-07-25,SVO-OVB,1,naive_last,36.0,36.0,0.11650485545396805
2017-07-25,SVO-OVB,1,seasonal7,26.0,26.0,0.08414239436388016
2017-07-25,SVO-OVB,7,timesfm,13.997880935668945,19.284993653735263,0.050507817417383194
2017-07-25,SVO-OVB,7,naive_last,17.571428298950195,20.822378386015142,0.06340206414461136
2017-07-25,SVO-OVB,7,seasonal7,14.428571701049805,18.719737133560646,0.05206185579299927
2017-07-25,SVO-OVB,14,timesfm,17.26058578491211,21.686619809453145,0.060593828558921814
2017-07-25,SVO-OVB,14,naive_last,21.85714340209961,25.604128790740226,0.07673019170761108
2017-07-25,SVO-OVB,14,seasonal7,18.285715103149414,22.60846860765238,0.06419257819652557
2017-07-25,SVO-SVX,1,timesfm,25.331268310546875,25.33126836023576,0.07990936189889908
2017-07-25,SVO-SVX,1,naive_last,8.0,8.0,0.025236593559384346
2017-07-25,SVO-SVX,1,seasonal7,22.0,22.0,0.06940063089132309
2017-07-25,SVO-SVX,7,timesfm,19.19163703918457,22.778145954082145,0.0572640486061573
2017-07-25,SVO-SVX,7,naive_last,14.428571701049805,23.631093687495454,0.04305200278759003
2017-07-25,SVO-SVX,7,seasonal7,16.571428298950195,20.45901858961936,0.04944586381316185
2017-07-25,SVO-SVX,14,timesfm,13.744654655456543,18.16875359450214,0.04101133346557617
2017-07-25,SVO-SVX,14,naive_last,12.857142448425293,20.708866391398562,0.03836316987872124
2017-07-25,SVO-SVX,14,seasonal7,16.714284896850586,19.845834505427,0.04987212270498276
2017-07-25,SVO-UFA,1,timesfm,19.316879272460938,19.316879022904992,0.10613670200109482
2017-07-25,SVO-UFA,1,naive_last,6.0,6.0,0.032967034727334976
2017-07-25,SVO-UFA,1,seasonal7,14.0,14.0,0.07692307978868484
2017-07-25,SVO-UFA,7,timesfm,6.490897178649902,10.014481930066912,0.03896765038371086
2017-07-25,SVO-UFA,7,naive_last,11.142857551574707,13.169228284466726,0.06689536571502686
2017-07-25,SVO-UFA,7,seasonal7,12.285714149475098,14.995237484508102,0.07375643402338028
2017-07-25,SVO-UFA,14,timesfm,6.90381383895874,9.379541136492357,0.03984064236283302
2017-07-25,SVO-UFA,14,naive_last,9.0,11.594333685399883,0.051937345415353775
2017-07-25,SVO-UFA,14,seasonal7,14.142857551574707,17.549928774784245,0.08161582797765732
2017-07-25,SVX-SVO,1,timesfm,27.405029296875,27.405029548082044,0.08926719427108765
2017-07-25,SVX-SVO,1,naive_last,15.0,15.0,0.048859935253858566
2017-07-25,SVX-SVO,1,seasonal7,22.0,22.0,0.07166124135255814
2017-07-25,SVX-SVO,7,timesfm,20.645280838012695,22.6195641831997,0.06372000277042389
2017-07-25,SVX-SVO,7,naive_last,12.571428298950195,19.12365797732206,0.03880070522427559
2017-07-25,SVX-SVO,7,seasonal7,20.428571701049805,22.287088065370803,0.06305114924907684
2017-07-25,SVX-SVO,14,timesfm,15.580042839050293,18.631325281318052,0.04783346503973007
2017-07-25,SVX-SVO,14,naive_last,12.571428298950195,17.410998040985564,0.038596492260694504
2017-07-25,SVX-SVO,14,seasonal7,17.714284896850586,20.52524556653114,0.0543859638273716
2017-07-25,UFA-SVO,1,timesfm,19.336990356445312,19.33699018599133,0.10742772370576859
2017-07-25,UFA-SVO,1,naive_last,6.0,6.0,0.03333333507180214
2017-07-25,UFA-SVO,1,seasonal7,6.0,6.0,0.03333333507180214
2017-07-25,UFA-SVO,7,timesfm,8.254972457885742,10.353195994347026,0.050160422921180725
2017-07-25,UFA-SVO,7,naive_last,11.142857551574707,14.382529235735865,0.0677083358168602
2017-07-25,UFA-SVO,7,seasonal7,8.285714149475098,11.698595950659929,0.0503472238779068
2017-07-25,UFA-SVO,14,timesfm,9.372611999511719,11.749242879945632,0.05522582679986954
2017-07-25,UFA-SVO,14,naive_last,11.142857551574707,13.799585994094114,0.06565656512975693
2017-07-25,UFA-SVO,14,seasonal7,14.285714149475098,19.515561667981704,0.08417508751153946
2017-07-25,VKO-AER,1,timesfm,7.039581298828125,7.039581381315932,0.04266412928700447
2017-07-25,VKO-AER,1,naive_last,18.0,18.0,0.1090909093618393
2017-07-25,VKO-AER,1,seasonal7,4.0,4.0,0.024242423474788666
2017-07-25,VKO-AER,7,timesfm,18.737394332885742,23.87816211471399,0.10742158442735672
2017-07-25,VKO-AER,7,naive_last,27.428571701049805,29.621421114915933,0.15724815428256989
2017-07-25,VKO-AER,7,seasonal7,18.571428298950195,23.766722885143814,0.10647010803222656
2017-07-25,VKO-AER,14,timesfm,18.460590362548828,21.774262324034297,0.1106371060013771
2017-07-25,VKO-AER,14,naive_last,20.428571701049805,25.019992006393608,0.12243150919675827
2017-07-25,VKO-AER,14,seasonal7,17.14285659790039,22.155296143739466,0.10273972898721695
2017-07-25,VKO-LED,1,timesfm,46.266754150390625,46.26675424998089,0.2514497637748718
2017-07-25,VKO-LED,1,naive_last,58.0,58.0,0.31521740555763245
2017-07-25,VKO-LED,1,seasonal7,34.0,34.0,0.18478260934352875
2017-07-25,VKO-LED,7,timesfm,25.08113670349121,28.89362266425002,0.12025202810764313
2017-07-25,VKO-LED,7,naive_last,36.0,39.12616998550171,0.17260274291038513
2017-07-25,VKO-LED,7,seasonal7,19.285715103149414,22.38302928559939,0.09246575087308884
2017-07-25,VKO-LED,14,timesfm,20.52608871459961,25.080452822258437,0.09468376636505127
2017-07-25,VKO-LED,14,naive_last,29.5,32.877478444479095,0.1360790729522705
2017-07-25,VKO-LED,14,seasonal7,15.357142448425293,18.483583331789404,0.07084019482135773
2017-07-25,VKO-PEE,1,timesfm,0.92999267578125,0.92999268980127,0.0033333071041852236
2017-07-25,VKO-PEE,1,naive_last,31.0,31.0,0.1111111119389534
2017-07-25,VKO-PEE,1,seasonal7,7.0,7.0,0.025089606642723083
2017-07-25,VKO-PEE,7,timesfm,11.916295051574707,15.738498423979385,0.04337704926729202
2017-07-25,VKO-PEE,7,naive_last,35.28571319580078,38.71692136521188,0.12844513356685638
2017-07-25,VKO-PEE,7,seasonal7,20.714284896850586,26.978827192804708,0.07540301978588104
2017-07-25,VKO-PEE,14,timesfm,19.85002326965332,23.682910484639287,0.07046154141426086
2017-07-25,VKO-PEE,14,naive_last,28.285715103149414,34.338649103679444,0.10040567815303802
2017-07-25,VKO-PEE,14,seasonal7,19.571428298950195,26.44671225062177,0.06947261840105057
2017-08-01,AER-SVO,1,timesfm,43.9656982421875,43.96569874362996,0.12384703755378723
2017-08-01,AER-SVO,1,naive_last,39.0,39.0,0.1098591536283493
2017-08-01,AER-SVO,1,seasonal7,34.0,34.0,0.09577465057373047
2017-08-01,AER-SVO,7,timesfm,14.871237754821777,20.120476066159725,0.04634847119450569
2017-08-01,AER-SVO,7,naive_last,13.142857551574707,17.960273985949954,0.04096170887351036
2017-08-01,AER-SVO,7,seasonal7,17.428571701049805,19.515561667981704,0.05431878939270973
2017-08-01,AER-SVO,14,timesfm,20.023784637451172,25.519419736573287,0.062379390001297
2017-08-01,AER-SVO,14,naive_last,18.85714340209961,24.66344877681153,0.058744993060827255
2017-08-01,AER-SVO,14,seasonal7,24.85714340209961,28.342295347526218,0.07743658125400543
2017-08-01,AER-VKO,1,timesfm,18.958831787109375,18.958832160619263,0.12724047899246216
2017-08-01,AER-VKO,1,naive_last,23.0,23.0,0.15436241030693054
2017-08-01,AER-VKO,1,seasonal7,7.0,7.0,0.0469798669219017
2017-08-01,AER-VKO,7,timesfm,20.337810516357422,21.15392602865438,0.12802578508853912
2017-08-01,AER-VKO,7,naive_last,18.571428298950195,19.914101577786294,0.11690647155046463
2017-08-01,AER-VKO,7,seasonal7,19.85714340209961,23.64922209220435,0.125
2017-08-01,AER-VKO,14,timesfm,28.797964096069336,33.21860668478022,0.1587289422750473
2017-08-01,AER-VKO,14,naive_last,25.571428298950195,30.884577327514435,0.14094488322734833
2017-08-01,AER-VKO,14,seasonal7,28.714284896850586,34.0,0.15826772153377533
2017-08-01,DME-KHV,1,timesfm,14.530807495117188,14.530807389932615,0.06919432431459427
2017-08-01,DME-KHV,1,naive_last,2.0,2.0,0.009523809887468815
2017-08-01,DME-KHV,1,seasonal7,20.0,20.0,0.095238097012043
2017-08-01,DME-KHV,7,timesfm,13.391560554504395,14.574221890913625,0.06710159033536911
2017-08-01,DME-KHV,7,naive_last,13.857142448425293,18.26393828423625,0.0694345012307167
2017-08-01,DME-KHV,7,seasonal7,17.285715103149414,24.695285313177063,0.08661417663097382
2017-08-01,DME-KHV,14,timesfm,21.032716751098633,27.10888643291739,0.10139739513397217
2017-08-01,DME-KHV,14,naive_last,19.14285659790039,26.589471600616662,0.09228650480508804
2017-08-01,DME-KHV,14,seasonal7,22.428571701049805,28.977824183909906,0.10812672227621078
2017-08-01,DME-KRR,1,timesfm,10.504959106445312,10.504959025314433,0.058360882103443146
2017-08-01,DME-KRR,1,naive_last,5.0,5.0,0.02777777798473835
2017-08-01,DME-KRR,1,seasonal7,31.0,31.0,0.17222222685813904
2017-08-01,DME-KRR,7,timesfm,9.94328784942627,12.93720808943777,0.05528436228632927
2017-08-01,DME-KRR,7,naive_last,7.4285712242126465,8.928285770751248,0.041302621364593506
2017-08-01,DME-KRR,7,seasonal7,19.285715103149414,25.975263125396705,0.10722795873880386
2017-08-01,DME-KRR,14,timesfm,15.975730895996094,21.55508604991269,0.08642203360795975
2017-08-01,DME-KRR,14,naive_last,17.285715103149414,22.341505159303907,0.09350850433111191
2017-08-01,DME-KRR,14,seasonal7,23.85714340209961,29.39873646207276,0.12905718386173248
2017-08-01,DME-KUF,1,timesfm,16.83008575439453,16.83008617141069,0.12021490186452866
2017-08-01,DME-KUF,1,naive_last,33.0,33.0,0.23571428656578064
2017-08-01,DME-KUF,1,seasonal7,4.0,4.0,0.02857142873108387
2017-08-01,DME-KUF,7,timesfm,22.600860595703125,28.27579906896145,0.1582060307264328
2017-08-01,DME-KUF,7,naive_last,35.85714340209961,39.0658779789425,0.25099998712539673
2017-08-01,DME-KUF,7,seasonal7,25.14285659790039,29.76095251220286,0.17599999904632568
2017-08-01,DME-KUF,14,timesfm,20.254093170166016,25.569730076623927,0.1407930999994278
2017-08-01,DME-KUF,14,naive_last,36.85714340209961,40.32369030731191,0.25620654225349426
2017-08-01,DME-KUF,14,seasonal7,21.571428298950195,25.348992310007365,0.14995034039020538
2017-08-01,DME-KZN,1,timesfm,4.345458984375,4.3454590872490195,0.028217265382409096
2017-08-01,DME-KZN,1,naive_last,7.0,7.0,0.04545454680919647
2017-08-01,DME-KZN,1,seasonal7,14.0,14.0,0.09090909361839294
2017-08-01,DME-KZN,7,timesfm,8.137812614440918,12.841662457709063,0.05363906919956207
2017-08-01,DME-KZN,7,naive_last,11.857142448425293,14.961856409443211,0.07815442234277725
2017-08-01,DME-KZN,7,seasonal7,11.571428298950195,14.367622406243784,0.0762711837887764
2017-08-01,DME-KZN,14,timesfm,19.90662956237793,28.010027588487173,0.11794024705886841
2017-08-01,DME-KZN,14,naive_last,18.35714340209961,24.662001022496,0.1087600514292717
2017-08-01,DME-KZN,14,seasonal7,23.35714340209961,29.370782817296192,0.1383834183216095
2017-08-01,DME-LED,1,timesfm,1.527191162109375,1.5271911544865362,0.007203731685876846
2017-08-01,DME-LED,1,naive_last,10.0,10.0,0.04716981202363968
2017-08-01,DME-LED,1,seasonal7,12.0,12.0,0.056603774428367615
2017-08-01,DME-LED,7,timesfm,18.6733455657959,20.669715082265437,0.08384440094232559
2017-08-01,DME-LED,7,naive_last,20.714284896850586,23.12389012328146,0.09300833940505981
2017-08-01,DME-LED,7,seasonal7,32.14285659790039,34.21570156227163,0.14432328939437866
2017-08-01,DME-LED,14,timesfm,65.55195617675781,95.34831294391107,0.24564439058303833
2017-08-01,DME-LED,14,naive_last,64.85713958740234,90.91754506144565,0.24304068088531494
2017-08-01,DME-LED,14,seasonal7,74.57142639160156,101.15970607318162,0.27944326400756836
2017-08-01,DME-OVB,1,timesfm,36.6103515625,36.61035196626427,0.1003023311495781
2017-08-01,DME-OVB,1,naive_last,52.0,52.0,0.1424657553434372
2017-08-01,DME-OVB,1,seasonal7,22.0,22.0,0.060273971408605576
2017-08-01,DME-OVB,7,timesfm,22.692020416259766,32.55340601479456,0.06526053696870804
2017-08-01,DME-OVB,7,naive_last,34.71428680419922,45.858477951192405,0.09983566403388977
2017-08-01,DME-OVB,7,seasonal7,26.0,32.26674483528862,0.07477403432130814
2017-08-01,DME-OVB,14,timesfm,17.254528045654297,26.165467965759518,0.05030474439263344
2017-08-01,DME-OVB,14,naive_last,31.285715103149414,39.21916396693873,0.09121199697256088
2017-08-01,DME-OVB,14,seasonal7,23.0,28.43036590630529,0.06705539673566818
2017-08-01,IKT-LED,1,timesfm,22.486984252929688,22.486984218176424,0.12998256087303162
2017-08-01,IKT-LED,1,naive_last,19.0,19.0,0.10982658714056015
2017-08-01,IKT-LED,1,seasonal7,36.0,36.0,0.20809248089790344
2017-08-01,IKT-LED,7,timesfm,18.415630340576172,21.336758497569253,0.127380833029747
2017-08-01,IKT-LED,7,naive_last,18.285715103149414,21.186249012432494,0.12648221850395203
2017-08-01,IKT-LED,7,seasonal7,19.0,21.912162211502615,0.13142292201519012
2017-08-01,IKT-LED,14,timesfm,16.746931076049805,21.918037323342205,0.11386936902999878
2017-08-01,IKT-LED,14,naive_last,17.785715103149414,21.140684907296862,0.12093248963356018
2017-08-01,IKT-LED,14,seasonal7,17.35714340209961,22.54994456755936,0.11801845580339432
2017-08-01,KHV-DME,1,timesfm,26.98260498046875,26.982605028445526,0.1272764354944229
2017-08-01,KHV-DME,1,naive_last,19.0,19.0,0.08962263911962509
2017-08-01,KHV-DME,1,seasonal7,18.0,18.0,0.08490566164255142
2017-08-01,KHV-DME,7,timesfm,13.374640464782715,15.22248233718336,0.06848754733800888
2017-08-01,KHV-DME,7,naive_last,11.714285850524902,13.255726278661788,0.05998536944389343
2017-08-01,KHV-DME,7,seasonal7,19.428571701049805,25.30386740335173,0.09948793053627014
2017-08-01,KHV-DME,14,timesfm,21.746585845947266,28.496426542350775,0.10823043435811996
2017-08-01,KHV-DME,14,naive_last,21.071428298950195,27.159581795395546,0.10487024486064911
2017-08-01,KHV-DME,14,seasonal7,21.214284896850586,27.765600819488625,0.10558123141527176
2017-08-01,KRR-DME,1,timesfm,2.9493865966796875,2.9493865716945264,0.017147596925497055
2017-08-01,KRR-DME,1,naive_last,3.0,3.0,0.01744186133146286
2017-08-01,KRR-DME,1,seasonal7,33.0,33.0,0.19186046719551086
2017-08-01,KRR-DME,7,timesfm,15.477194786071777,19.009193204066584,0.08851336687803268
2017-08-01,KRR-DME,7,naive_last,11.571428298950195,13.098527642128392,0.06617647409439087
2017-08-01,KRR-DME,7,seasonal7,20.0,26.076809620810597,0.11437908560037613
2017-08-01,KRR-DME,14,timesfm,16.48042106628418,20.299243721239886,0.09247530996799469
2017-08-01,KRR-DME,14,naive_last,16.071428298950195,19.21866663472773,0.09018035978078842
2017-08-01,KRR-DME,14,seasonal7,22.071428298950195,27.840104366413797,0.12384769320487976
2017-08-01,KZN-DME,1,timesfm,6.695892333984375,6.695892202058796,0.04617856815457344
2017-08-01,KZN-DME,1,naive_last,10.0,10.0,0.06896551698446274
2017-08-01,KZN-DME,1,seasonal7,8.0,8.0,0.05517241358757019
2017-08-01,KZN-DME,7,timesfm,8.694849967956543,11.134911740128398,0.057364705950021744
2017-08-01,KZN-DME,7,naive_last,8.571428298950195,12.0,0.05655042454600334
2017-08-01,KZN-DME,7,seasonal7,8.571428298950195,10.433462492739519,0.05655042454600334
2017-08-01,KZN-DME,14,timesfm,19.037002563476562,26.714982830187026,0.1151265799999237
2017-08-01,KZN-DME,14,naive_last,16.785715103149414,23.983625548144172,0.1015118807554245
2017-08-01,KZN-DME,14,seasonal7,20.35714340209961,27.264576224456867,0.12311015278100967
2017-08-01,LED-DME,1,timesfm,1.8941650390625,1.8941650665965653,0.01035062875598669
2017-08-01,LED-DME,1,naive_last,6.0,6.0,0.032786883413791656
2017-08-01,LED-DME,1,seasonal7,19.0,19.0,0.10382513701915741
2017-08-01,LED-DME,7,timesfm,19.81068229675293,26.679929995237643,0.0983509048819542
2017-08-01,LED-DME,7,naive_last,25.85714340209961,31.881477206478177,0.1283687949180603
2017-08-01,LED-DME,7,seasonal7,35.0,39.68986982343936,0.173758864402771
2017-08-01,LED-DME,14,timesfm,67.6694107055664,94.72517299238625,0.2742825150489807
2017-08-01,LED-DME,14,naive_last,70.42857360839844,95.04961184001489,0.28546613454818726
2017-08-01,LED-DME,14,seasonal7,77.57142639160156,102.53292154230269,0.31441807746887207
2017-08-01,LED-IKT,1,timesfm,28.628204345703125,28.628204566121283,0.16266025602817535
2017-08-01,LED-IKT,1,naive_last,27.0,27.0,0.15340909361839294
2017-08-01,LED-IKT,1,seasonal7,47.0,47.0,0.2670454680919647
2017-08-01,LED-IKT,7,timesfm,15.43206787109375,19.00078942516065,0.10337270051240921
2017-08-01,LED-IKT,7,naive_last,14.571428298950195,17.679690089206616,0.09760765731334686
2017-08-01,LED-IKT,7,seasonal7,19.0,22.497618824737945,0.12727272510528564
2017-08-01,LED-IKT,14,timesfm,15.711606979370117,23.304625953237537,0.1034630760550499
2017-08-01,LED-IKT,14,naive_last,14.571428298950195,21.718984654757545,0.09595484286546707
2017-08-01,LED-IKT,14,seasonal7,19.428571701049805,24.695285313177063,0.12793979048728943
2017-08-01,LED-SVO,1,timesfm,18.2076416015625,18.207641774654416,0.05689888074994087
2017-08-01,LED-SVO,1,naive_last,2.0,2.0,0.0062500000931322575
2017-08-01,LED-SVO,1,seasonal7,7.0,7.0,0.02187499962747097
2017-08-01,LED-SVO,7,timesfm,34.455265045166016,37.863153701232086,0.10786531865596771
2017-08-01,LED-SVO,7,naive_last,26.0,29.703294523779785,0.08139535039663315
2017-08-01,LED-SVO,7,seasonal7,44.14285659790039,49.1746156290583,0.13819320499897003
2017-08-01,LED-SVO,14,timesfm,81.48868560791016,100.26106547409118,0.21541570127010345
2017-08-01,LED-SVO,14,naive_last,70.57142639160156,89.92298408308217,0.1865558922290802
2017-08-01,LED-SVO,14,seasonal7,81.85713958740234,98.15439945724542,0.2163897305727005
2017-08-01,LED-VKO,1,timesfm,4.9299163818359375,4.929916352341982,0.022408710792660713
2017-08-01,LED-VKO,1,naive_last,15.0,15.0,0.06818182021379471
2017-08-01,LED-VKO,1,seasonal7,49.0,49.0,0.22272726893424988
2017-08-01,LED-VKO,7,timesfm,16.2687931060791,22.578135137324715,0.07281428575515747
2017-08-01,LED-VKO,7,naive_last,22.14285659790039,28.548204847240395,0.0991048589348793
2017-08-01,LED-VKO,7,seasonal7,24.571428298950195,32.85030931765522,0.10997442156076431
2017-08-01,LED-VKO,14,timesfm,59.07562255859375,83.77170019706088,0.21605505049228668
2017-08-01,LED-VKO,14,naive_last,70.28571319580078,96.52609042540001,0.25705328583717346
2017-08-01,LED-VKO,14,seasonal7,70.0,90.67288067036637,0.2560083568096161
2017-08-01,OVB-DME,1,timesfm,43.664947509765625,43.66494801951418,0.12028910964727402
2017-08-01,OVB-DME,1,naive_last,58.0,58.0,0.1597796082496643
2017-08-01,OVB-DME,1,seasonal7,32.0,32.0,0.08815427124500275
2017-08-01,OVB-DME,7,timesfm,25.38421630859375,35.0515768134527,0.07548407465219498
2017-08-01,OVB-DME,7,naive_last,31.285715103149414,44.115108775402845,0.09303313493728638
2017-08-01,OVB-DME,7,seasonal7,29.285715103149414,35.016322226436415,0.08708581328392029
2017-08-01,OVB-DME,14,timesfm,19.74520492553711,27.909585204532554,0.0598728321492672
2017-08-01,OVB-DME,14,naive_last,27.35714340209961,36.597229099132285,0.0829543024301529
2017-08-01,OVB-DME,14,seasonal7,23.785715103149414,29.714114303932863,0.07212475687265396
2017-08-01,OVB-SVO,1,timesfm,42.826416015625,42.82641624874696,0.14371280372142792
2017-08-01,OVB-SVO,1,naive_last,42.0,42.0,0.1409395933151245
2017-08-01,OVB-SVO,1,seasonal7,6.0,6.0,0.020134227350354195
2017-08-01,OVB-SVO,7,timesfm,23.99728012084961,33.008419927842844,0.08411665260791779
2017-08-01,OVB-SVO,7,naive_last,31.571428298950195,35.63505546136241,0.11066599935293198
2017-08-01,OVB-SVO,7,seasonal7,16.571428298950195,27.396558381169203,0.05808712914586067
2017-08-01,OVB-SVO,14,timesfm,31.54666519165039,37.84471284128158,0.10942847281694412
2017-08-01,OVB-SVO,14,naive_last,37.14285659790039,40.33963022390714,0.12884043157100677
2017-08-01,OVB-SVO,14,seasonal7,21.714284896850586,31.11269837220809,0.07532209903001785
2017-08-01,PEE-VKO,1,timesfm,4.264862060546875,4.2648621041119075,0.016594793647527695
2017-08-01,PEE-VKO,1,naive_last,2.0,2.0,0.0077821011655032635
2017-08-01,PEE-VKO,1,seasonal7,17.0,17.0,0.06614785641431808
2017-08-01,PEE-VKO,7,timesfm,30.182857513427734,33.970099372347846,0.1064382866024971
2017-08-01,PEE-VKO,7,naive_last,25.14285659790039,28.525677808486755,0.08866498619318008
2017-08-01,PEE-VKO,7,seasonal7,20.428571701049805,22.36387383221438,0.07204030454158783
2017-08-01,PEE-VKO,14,timesfm,41.34972381591797,49.97312510161712,0.14150479435920715
2017-08-01,PEE-VKO,14,naive_last,37.64285659790039,46.314916962066604,0.12881936132907867
2017-08-01,PEE-VKO,14,seasonal7,31.35714340209961,41.53054016746667,0.10730872303247452
2017-08-01,SCW-DME,1,timesfm,1.5550537109375,1.5550537444759323,0.010874501429498196
2017-08-01,SCW-DME,1,naive_last,23.0,23.0,0.16083915531635284
2017-08-01,SCW-DME,1,seasonal7,7.0,7.0,0.04895104840397835
2017-08-01,SCW-DME,7,timesfm,11.376220703125,14.276963807359063,0.07477328181266785
2017-08-01,SCW-DME,7,naive_last,14.714285850524902,18.962369093823447,0.09671361744403839
2017-08-01,SCW-DME,7,seasonal7,21.85714340209961,24.68371336663927,0.1436619758605957
2017-08-01,SCW-DME,14,timesfm,22.663936614990234,28.40294195706505,0.13771489262580872
2017-08-01,SCW-DME,14,naive_last,16.14285659790039,19.456912438780996,0.0980902761220932
2017-08-01,SCW-DME,14,seasonal7,28.85714340209961,34.05667596425663,0.1753472238779068
2017-08-01,SVO-AER,1,timesfm,31.50115966796875,31.50115964662303,0.08799206465482712
2017-08-01,SVO-AER,1,naive_last,34.0,34.0,0.09497206658124924
2017-08-01,SVO-AER,1,seasonal7,26.0,26.0,0.07262569665908813
2017-08-01,SVO-AER,7,timesfm,11.97081184387207,14.824126111370623,0.03636965528130531
2017-08-01,SVO-AER,7,naive_last,11.142857551574707,14.985707403776491,0.0338541679084301
2017-08-01,SVO-AER,7,seasonal7,17.14285659790039,19.24280919113439,0.0520833320915699
2017-08-01,SVO-AER,14,timesfm,19.2227725982666,23.479268770805422,0.05794978514313698
2017-08-01,SVO-AER,14,naive_last,18.428571701049805,23.19790687326728,0.0555555559694767
2017-08-01,SVO-AER,14,seasonal7,25.0,28.722813232690143,0.0753660649061203
2017-08-01,SVO-LED,1,timesfm,7.189239501953125,7.189239556814993,0.02232683077454567
2017-08-01,SVO-LED,1,naive_last,5.0,5.0,0.01552795059978962
2017-08-01,SVO-LED,1,seasonal7,33.0,33.0,0.10248447209596634
2017-08-01,SVO-LED,7,timesfm,35.45746994018555,42.08174534184181,0.10415539145469666
2017-08-01,SVO-LED,7,naive_last,31.14285659790039,38.0300639836638,0.09148132801055908
2017-08-01,SVO-LED,7,seasonal7,45.14285659790039,49.529211807433654,0.13260595500469208
2017-08-01,SVO-LED,14,timesfm,85.29242706298828,105.91750825377031,0.21300284564495087
2017-08-01,SVO-LED,14,naive_last,87.28571319580078,110.34685637088852,0.21798072755336761
2017-08-01,SVO-LED,14,seasonal7,83.28571319580078,97.95042691490681,0.20799143612384796
2017-08-01,SVO-OVB,1,timesfm,35.069305419921875,35.06930568420018,0.11240161955356598
2017-08-01,SVO-OVB,1,naive_last,38.0,38.0,0.12179487198591232
2017-08-01,SVO-OVB,1,seasonal7,3.0,3.0,0.009615384973585606
2017-08-01,SVO-OVB,7,timesfm,21.115468978881836,26.506851174360328,0.07217201590538025
2017-08-01,SVO-OVB,7,naive_last,25.428571701049805,28.972894036792173,0.0869140625
2017-08-01,SVO-OVB,7,seasonal7,17.714284896850586,26.886002244648026,0.060546875
2017-08-01,SVO-OVB,14,timesfm,28.156246185302734,35.30110089798015,0.09505363553762436
2017-08-01,SVO-OVB,14,naive_last,30.214284896850586,34.86811963099763,0.10200144350528717
2017-08-01,SVO-OVB,14,seasonal7,24.785715103149414,36.07036749373109,0.08367494493722916
2017-08-01,SVO-SVX,1,timesfm,8.08074951171875,8.080749675607098,0.02463643066585064
2017-08-01,SVO-SVX,1,naive_last,6.0,6.0,0.018292682245373726
2017-08-01,SVO-SVX,1,seasonal7,11.0,11.0,0.03353658691048622
2017-08-01,SVO-SVX,7,timesfm,13.151328086853027,18.320798067925512,0.03924096003174782
2017-08-01,SVO-SVX,7,naive_last,13.428571701049805,19.213090661921186,0.04006820172071457
2017-08-01,SVO-SVX,7,seasonal7,16.285715103149414,22.990680962790393,0.04859334975481033
2017-08-01,SVO-SVX,14,timesfm,32.88584518432617,43.42663842395227,0.09293537586927414
2017-08-01,SVO-SVX,14,naive_last,37.42856979370117,49.00728879940973,0.10577311366796494
2017-08-01,SVO-SVX,14,seasonal7,32.28571319580078,42.6463859359552,0.09123940020799637
2017-08-01,SVO-UFA,1,timesfm,14.947250366210938,14.947250184764338,0.07866974174976349
2017-08-01,SVO-UFA,1,naive_last,19.0,19.0,0.10000000149011612
2017-08-01,SVO-UFA,1,seasonal7,8.0,8.0,0.04210526496171951
2017-08-01,SVO-UFA,7,timesfm,8.87444019317627,12.168986338870834,0.049302443861961365
2017-08-01,SVO-UFA,7,naive_last,10.428571701049805,12.666040170803123,0.05793650820851326
2017-08-01,SVO-UFA,7,seasonal7,14.857142448425293,17.663521732655695,0.08253968507051468
2017-08-01,SVO-UFA,14,timesfm,14.840964317321777,19.055383373158538,0.08144786208868027
2017-08-01,SVO-UFA,14,naive_last,15.928571701049805,18.748333259252675,0.08741670101881027
2017-08-01,SVO-UFA,14,seasonal7,21.071428298950195,24.898365184629842,0.11564092338085175
2017-08-01,SVX-SVO,1,timesfm,3.0318603515625,3.031860290126782,0.009594494476914406
2017-08-01,SVX-SVO,1,naive_last,3.0,3.0,0.009493670426309109
2017-08-01,SVX-SVO,1,seasonal7,9.0,9.0,0.0284810122102499
2017-08-01,SVX-SVO,7,timesfm,9.962132453918457,13.390953175675174,0.030425360426306725
2017-08-01,SVX-SVO,7,naive_last,13.0,16.797108464947268,0.03970331698656082
2017-08-01,SVX-SVO,7,seasonal7,14.857142448425293,20.812084296946406,0.045375216752290726
2017-08-01,SVX-SVO,14,timesfm,29.8895206451416,42.5088613808749,0.08732330799102783
2017-08-01,SVX-SVO,14,naive_last,34.42856979370117,45.8896194986881,0.10058430582284927
2017-08-01,SVX-SVO,14,seasonal7,32.85714340209961,43.750917959119725,0.09599332511425018
2017-08-01,UFA-SVO,1,timesfm,9.09564208984375,9.095642102745163,0.04890130087733269
2017-08-01,UFA-SVO,1,naive_last,12.0,12.0,0.06451612710952759
2017-08-01,UFA-SVO,1,seasonal7,6.0,6.0,0.032258063554763794
2017-08-01,UFA-SVO,7,timesfm,13.40993595123291,16.61439118309081,0.07669080793857574
2017-08-01,UFA-SVO,7,naive_last,11.142857551574707,13.19090595827292,0.06372549384832382
2017-08-01,UFA-SVO,7,seasonal7,18.571428298950195,22.006492350358933,0.1062091514468193
2017-08-01,UFA-SVO,14,timesfm,18.80953025817871,23.438251290042018,0.10567152500152588
2017-08-01,UFA-SVO,14,naive_last,15.0,18.53182555361477,0.08426966518163681
2017-08-01,UFA-SVO,14,seasonal7,24.285715103149414,28.710376270024852,0.1364365965127945
2017-08-01,VKO-AER,1,timesfm,20.48199462890625,20.48199490963992,0.13564234972000122
2017-08-01,VKO-AER,1,naive_last,28.0,28.0,0.18543046712875366
2017-08-01,VKO-AER,1,seasonal7,14.0,14.0,0.09271523356437683
2017-08-01,VKO-AER,7,timesfm,22.093069076538086,23.963419693325022,0.13870088756084442
2017-08-01,VKO-AER,7,naive_last,21.428571701049805,24.744407561435093,0.13452914357185364
2017-08-01,VKO-AER,7,seasonal7,22.0,26.3276068661924,0.13811659812927246
2017-08-01,VKO-AER,14,timesfm,32.107540130615234,36.608267962348684,0.1721583902835846
2017-08-01,VKO-AER,14,naive_last,28.071428298950195,33.87687739839115,0.1505170464515686
2017-08-01,VKO-AER,14,seasonal7,30.64285659790039,36.11390637134728,0.16430486738681793
2017-08-01,VKO-LED,1,timesfm,7.458251953125,7.4582519810962,0.033901143819093704
2017-08-01,VKO-LED,1,naive_last,15.0,15.0,0.06818182021379471
2017-08-01,VKO-LED,1,seasonal7,36.0,36.0,0.16363635659217834
2017-08-01,VKO-LED,7,timesfm,14.226201057434082,18.66073150738269,0.06322755664587021
2017-08-01,VKO-LED,7,naive_last,21.714284896850586,27.23967694375247,0.09650793671607971
2017-08-01,VKO-LED,7,seasonal7,26.714284896850586,31.715250538175145,0.11873015761375427
2017-08-01,VKO-LED,14,timesfm,62.686153411865234,87.66557715528228,0.22612887620925903
2017-08-01,VKO-LED,14,naive_last,73.07142639160156,98.609982815826,0.26359185576438904
2017-08-01,VKO-LED,14,seasonal7,73.78571319580078,93.05566840270936,0.2661685049533844
2017-08-01,VKO-PEE,1,timesfm,5.2088623046875,5.208862257485415,0.020426910370588303
2017-08-01,VKO-PEE,1,naive_last,8.0,8.0,0.0313725508749485
2017-08-01,VKO-PEE,1,seasonal7,24.0,24.0,0.0941176488995552
2017-08-01,VKO-PEE,7,timesfm,33.441768646240234,38.46577497888951,0.11582997441291809
2017-08-01,VKO-PEE,7,naive_last,28.571428298950195,32.671525658701455,0.09896091371774673
2017-08-01,VKO-PEE,7,seasonal7,20.85714340209961,26.311322763525332,0.07224146276712418
2017-08-01,VKO-PEE,14,timesfm,41.811981201171875,49.61659888349487,0.14061199128627777
2017-08-01,VKO-PEE,14,naive_last,38.07143020629883,45.51530316570049,0.12803266942501068
2017-08-01,VKO-PEE,14,seasonal7,30.35714340209961,39.956226048014095,0.10208983719348907
