date,route,timesfm_p50_passengers,demand_index_vs_last7,uncertainty_band,price_multiplier,pricing_action
2017-08-16,AER-SVO,313.0891418457031,-0.025078281651370306,66.96206665039062,1.0,hold_fare
2017-08-17,AER-SVO,314.0395812988281,-0.022118728163169003,69.647705078125,1.0,hold_fare
2017-08-18,AER-SVO,305.8931884765625,-0.047485609992540444,70.90203857421875,1.0,hold_fare
2017-08-19,AER-SVO,317.7718811035156,-0.010496798044782815,71.40603637695312,1.0,hold_fare
2017-08-20,AER-SVO,316.66790771484375,-0.013934437636218796,71.55499267578125,1.0,hold_fare
2017-08-21,AER-SVO,302.610595703125,-0.05770720681391487,71.65191650390625,1.0,hold_fare
2017-08-22,AER-SVO,313.59515380859375,-0.0235026216080918,71.92984008789062,1.0,hold_fare
2017-08-23,AER-SVO,316.69769287109375,-0.013841690262583922,71.93789672851562,1.0,hold_fare
2017-08-24,AER-SVO,315.191162109375,-0.018532844818792037,72.68634033203125,1.0,hold_fare
2017-08-25,AER-SVO,304.41455078125,-0.05208990891401263,72.89291381835938,1.0,hold_fare
2017-08-26,AER-SVO,318.291015625,-0.00888027594139878,73.14056396484375,1.0,hold_fare
2017-08-27,AER-SVO,312.25653076171875,-0.027670931851042673,73.1719970703125,1.0,hold_fare
2017-08-28,AER-SVO,297.9105529785156,-0.0723425713230136,73.20645141601562,1.0,hold_fare
2017-08-29,AER-SVO,307.5038757324219,-0.042470124712750544,74.06805419921875,1.0,hold_fare
2017-08-16,AER-VKO,171.9443359375,-0.1571356073792372,55.025054931640625,0.94,lower_fare
2017-08-17,AER-VKO,176.98446655273438,-0.1324290848766497,61.58514404296875,0.94,lower_fare
2017-08-18,AER-VKO,187.22024536132812,-0.08225369880597146,67.61611938476562,1.0,hold_fare
2017-08-19,AER-VKO,185.34901428222656,-0.09142640012915214,70.94281005859375,1.0,hold_fare
2017-08-20,AER-VKO,185.07896423339844,-0.09275017487182052,74.50477600097656,1.0,hold_fare
2017-08-21,AER-VKO,185.2921600341797,-0.09170509742213341,76.15489196777344,1.0,hold_fare
2017-08-22,AER-VKO,176.02931213378906,-0.13711121435833198,77.75457763671875,0.94,lower_fare
2017-08-23,AER-VKO,176.30149841308594,-0.13577696789773086,79.03880310058594,0.94,lower_fare
2017-08-24,AER-VKO,182.83901977539062,-0.10373029471019157,81.14060974121094,0.94,lower_fare
2017-08-25,AER-VKO,195.47894287109375,-0.04176988768204099,81.47724914550781,1.0,hold_fare
2017-08-26,AER-VKO,188.8057098388672,-0.07448181415024999,82.53123474121094,1.0,hold_fare
2017-08-27,AER-VKO,183.14797973632812,-0.10221578510517691,82.24766540527344,0.94,lower_fare
2017-08-28,AER-VKO,178.1243438720703,-0.12684145098572666,82.77505493164062,0.94,lower_fare
2017-08-29,AER-VKO,166.1591339111328,-0.18549444070280757,85.38385772705078,0.94,lower_fare
2017-08-16,DME-KHV,188.83743286132812,-0.12285203003542566,69.37429809570312,0.94,lower_fare
2017-08-17,DME-KHV,203.87001037597656,-0.05302585955276643,72.79824829101562,1.0,hold_fare
2017-08-18,DME-KHV,213.51931762695312,-0.008204924986509076,74.595947265625,1.0,hold_fare
2017-08-19,DME-KHV,216.8910675048828,0.007456819087105958,75.73074340820312,1.0,hold_fare
2017-08-20,DME-KHV,211.50750732421875,-0.017549763490791754,76.20002746582031,1.0,hold_fare
2017-08-21,DME-KHV,199.6803436279297,-0.07248681921384764,77.41532897949219,1.0,hold_fare
2017-08-22,DME-KHV,202.5082244873047,-0.059351341229519704,78.29960632324219,1.0,hold_fare
2017-08-23,DME-KHV,209.11724853515625,-0.028652491385599888,78.7296142578125,1.0,hold_fare
2017-08-24,DME-KHV,214.6909942626953,-0.002762498866426905,80.05775451660156,1.0,hold_fare
2017-08-25,DME-KHV,216.6372528076172,0.006277852385952808,80.54011535644531,1.0,hold_fare
2017-08-26,DME-KHV,215.31983947753906,0.00015848079498487682,81.12368774414062,1.0,hold_fare
2017-08-27,DME-KHV,199.195068359375,-0.0747409179271321,81.84007263183594,1.0,hold_fare
2017-08-28,DME-KHV,186.59567260742188,-0.13326498373667708,81.7073974609375,0.94,lower_fare
2017-08-29,DME-KHV,191.73829650878906,-0.1093775477387486,84.35723876953125,0.94,lower_fare
2017-08-16,DME-KRR,167.65011596679688,-0.11696705369577083,60.49024963378906,0.94,lower_fare
2017-08-17,DME-KRR,186.63499450683594,-0.016971458489840892,63.1534423828125,1.0,hold_fare
2017-08-18,DME-KRR,200.86619567871094,0.05798595715418041,64.62432861328125,1.0,hold_fare
2017-08-19,DME-KRR,184.7158966064453,-0.027079573556434103,65.42742919921875,1.0,hold_fare
2017-08-20,DME-KRR,178.73553466796875,-0.058578845480858135,65.85185241699219,1.0,hold_fare
2017-08-21,DME-KRR,186.38784790039062,-0.018273208825641242,66.178955078125,1.0,hold_fare
2017-08-22,DME-KRR,174.30564880371094,-0.08191157698907267,66.41116333007812,1.0,hold_fare
2017-08-23,DME-KRR,175.43692016601562,-0.07595303725048513,66.46820068359375,1.0,hold_fare
2017-08-24,DME-KRR,188.42041015625,-0.007567463611674355,67.35574340820312,1.0,hold_fare
2017-08-25,DME-KRR,204.04693603515625,0.07473929189200783,67.84382629394531,1.0,hold_fare
2017-08-26,DME-KRR,186.90248107910156,-0.015562575154249103,68.00718688964844,1.0,hold_fare
2017-08-27,DME-KRR,176.0645294189453,-0.07264734526667305,67.89826965332031,1.0,hold_fare
2017-08-28,DME-KRR,181.54441833496094,-0.0437841237999829,67.70475769042969,1.0,hold_fare
2017-08-29,DME-KRR,173.21022033691406,-0.08768132796808775,69.36614990234375,1.0,hold_fare
2017-08-16,DME-KUF,133.9033966064453,-0.07561760496594826,42.63746643066406,1.0,hold_fare
2017-08-17,DME-KUF,142.19778442382812,-0.018358519587785067,44.90653991699219,1.0,hold_fare
2017-08-18,DME-KUF,150.05755615234375,0.03590025759559902,46.33466339111328,1.0,hold_fare
2017-08-19,DME-KUF,157.51564025878906,0.08738604340772446,47.05816650390625,1.0,hold_fare
2017-08-20,DME-KUF,150.07923889160156,0.03604994119440466,47.85731506347656,1.0,hold_fare
2017-08-21,DME-KUF,133.00987243652344,-0.08178591754783482,47.98832702636719,1.0,hold_fare
2017-08-22,DME-KUF,129.62709045410156,-0.10513845502399112,48.12437438964844,0.94,lower_fare
2017-08-23,DME-KUF,133.33218383789062,-0.07956088823216165,47.91577911376953,1.0,hold_fare
2017-08-24,DME-KUF,142.037109375,-0.019467716136288525,48.49742126464844,1.0,hold_fare
2017-08-25,DME-KUF,148.860595703125,0.027637217324867274,48.61480712890625,1.0,hold_fare
2017-08-26,DME-KUF,156.81634521484375,0.0825585630068351,48.49949645996094,1.0,hold_fare
2017-08-27,DME-KUF,149.4561767578125,0.03174872346743014,48.22532653808594,1.0,hold_fare
2017-08-28,DME-KUF,133.1062469482422,-0.0811206102923412,48.4873046875,1.0,hold_fare
2017-08-29,DME-KUF,129.50953674316406,-0.10594996976375091,49.326622009277344,0.94,lower_fare
2017-08-16,DME-KZN,162.50099182128906,-0.12566724293145587,52.899017333984375,0.94,lower_fare
2017-08-17,DME-KZN,156.70635986328125,-0.15684512343594173,58.303253173828125,0.94,lower_fare
2017-08-18,DME-KZN,163.18592834472656,-0.12198195813068759,62.35359191894531,0.94,lower_fare
2017-08-19,DME-KZN,169.7112579345703,-0.08687257626159667,64.78187561035156,1.0,hold_fare
2017-08-20,DME-KZN,177.2271270751953,-0.04643361971493773,66.58653259277344,1.0,hold_fare
2017-08-21,DME-KZN,183.6732177734375,-0.011750580832177011,67.88871765136719,1.0,hold_fare
2017-08-22,DME-KZN,168.12583923339844,-0.09540288416948801,68.83073425292969,1.0,hold_fare
2017-08-23,DME-KZN,153.02549743652344,-0.17664991685967488,69.27947998046875,0.94,lower_fare
2017-08-24,DME-KZN,149.93344116210938,-0.19328665267576126,71.03485870361328,0.94,lower_fare
2017-08-25,DME-KZN,160.12161254882812,-0.1384694369567589,71.57403564453125,0.94,lower_fare
2017-08-26,DME-KZN,167.55433654785156,-0.09847784088237287,72.66163635253906,1.0,hold_fare
2017-08-27,DME-KZN,170.58372497558594,-0.08217828793646904,72.53436279296875,1.0,hold_fare
2017-08-28,DME-KZN,174.2400665283203,-0.06250542849675914,73.13916015625,1.0,hold_fare
2017-08-29,DME-KZN,157.3486785888672,-0.15338914269079068,75.4044189453125,0.94,lower_fare
2017-08-16,DME-LED,244.92965698242188,-0.21244483217084661,136.26922607421875,0.94,lower_fare
2017-08-17,DME-LED,204.3580322265625,-0.34290021681844784,147.8450164794922,0.94,lower_fare
2017-08-18,DME-LED,236.7568817138672,-0.23872385224247256,156.47061157226562,0.94,lower_fare
2017-08-19,DME-LED,256.1328125,-0.1764218241915697,160.19082641601562,0.94,lower_fare
2017-08-20,DME-LED,302.2725524902344,-0.02806253209550834,163.70596313476562,1.0,hold_fare
2017-08-21,DME-LED,344.1943664550781,0.10673429694001231,161.86483764648438,1.0,hold_fare
2017-08-22,DME-LED,314.3149108886719,0.010658877421263658,168.9499053955078,1.0,hold_fare
2017-08-23,DME-LED,285.2727355957031,-0.08272432257740371,174.55874633789062,1.0,hold_fare
2017-08-24,DME-LED,268.8162841796875,-0.13563895718544547,184.65646362304688,0.94,lower_fare
2017-08-25,DME-LED,278.12335205078125,-0.1057126940305661,189.30516052246094,0.94,lower_fare
2017-08-26,DME-LED,265.5555725097656,-0.1461235605919962,196.42953491210938,0.94,lower_fare
2017-08-27,DME-LED,280.7850036621094,-0.09715432874834821,199.22140502929688,1.0,hold_fare
2017-08-28,DME-LED,311.41693115234375,0.001340614633450596,195.84243774414062,1.0,hold_fare
2017-08-29,DME-LED,282.4905700683594,-0.09167019241148049,207.64064025878906,1.0,hold_fare
2017-08-16,DME-OVB,329.29052734375,-0.026590476771712127,57.962738037109375,1.0,hold_fare
2017-08-17,DME-OVB,341.989501953125,0.010948722676793577,60.320068359375,1.0,hold_fare
2017-08-18,DME-OVB,358.0525207519531,0.058432309736582394,61.737152099609375,1.0,hold_fare
2017-08-19,DME-OVB,350.132568359375,0.03502028777158276,62.548980712890625,1.0,hold_fare
2017-08-20,DME-OVB,336.3659362792969,-0.005674993799161656,62.851806640625,1.0,hold_fare
2017-08-21,DME-OVB,330.2304992675781,-0.023811843487531063,63.027130126953125,1.0,hold_fare
2017-08-22,DME-OVB,321.879638671875,-0.048497665068537865,63.233917236328125,1.0,hold_fare
2017-08-23,DME-OVB,324.4561767578125,-0.04088120940421402,63.029541015625,1.0,hold_fare
2017-08-24,DME-OVB,340.92559814453125,0.007803736684354363,63.729461669921875,1.0,hold_fare
2017-08-25,DME-OVB,357.78857421875,0.05765206236555931,64.19137573242188,1.0,hold_fare
2017-08-26,DME-OVB,347.8194274902344,0.028182455654408897,64.25228881835938,1.0,hold_fare
2017-08-27,DME-OVB,335.0231018066406,-0.009644521469384543,64.00717163085938,1.0,hold_fare
2017-08-28,DME-OVB,330.6944580078125,-0.022440343801825902,64.19241333007812,1.0,hold_fare
2017-08-29,DME-OVB,318.6893005371094,-0.057928563486172764,65.45086669921875,1.0,hold_fare
2017-08-16,IKT-LED,141.1050262451172,-0.05660439493111211,44.23303985595703,1.0,hold_fare
2017-08-17,IKT-LED,138.8855438232422,-0.0714433415172408,45.996864318847656,1.0,hold_fare
2017-08-18,IKT-LED,150.26390075683594,0.004629723586319519,47.057411193847656,1.0,hold_fare
2017-08-19,IKT-LED,128.6106719970703,-0.1401387601901578,47.31730651855469,0.94,lower_fare
2017-08-20,IKT-LED,141.23265075683594,-0.05575112693772318,47.35906982421875,1.0,hold_fare
2017-08-21,IKT-LED,145.6815643310547,-0.02600671885254263,47.7374267578125,1.0,hold_fare
2017-08-22,IKT-LED,156.31576538085938,0.04509109197440545,48.18910217285156,1.0,hold_fare
2017-08-23,IKT-LED,139.4632110595703,-0.06758119186471591,47.69200134277344,1.0,hold_fare
2017-08-24,IKT-LED,141.4207000732422,-0.05449387266338971,48.30225372314453,1.0,hold_fare
2017-08-25,IKT-LED,135.9595489501953,-0.09100586708829228,47.80389404296875,1.0,hold_fare
2017-08-26,IKT-LED,143.0569305419922,-0.043554413855752,48.2197265625,1.0,hold_fare
2017-08-27,IKT-LED,128.62274169921875,-0.1400580649507065,47.839630126953125,0.94,lower_fare
2017-08-28,IKT-LED,141.97122192382812,-0.05081321078707703,48.0606689453125,1.0,hold_fare
2017-08-29,IKT-LED,142.24998474121094,-0.04894946700763868,50.145851135253906,1.0,hold_fare
2017-08-16,KHV-DME,189.67251586914062,-0.0818066212537,68.13888549804688,1.0,hold_fare
2017-08-17,KHV-DME,206.03709411621094,-0.0025866707808417312,70.79611206054688,1.0,hold_fare
2017-08-18,KHV-DME,211.54173278808594,0.024060957796753112,72.20768737792969,1.0,hold_fare
2017-08-19,KHV-DME,212.12843322753906,0.026901139746703554,72.99093627929688,1.0,hold_fare
2017-08-20,KHV-DME,202.03416442871094,-0.021964615436815698,73.27279663085938,1.0,hold_fare
2017-08-21,KHV-DME,191.08758544921875,-0.07495635353784813,74.0286865234375,1.0,hold_fare
2017-08-22,KHV-DME,195.93569946289062,-0.05148692180234868,74.73374938964844,1.0,hold_fare
2017-08-23,KHV-DME,206.26571655273438,-0.0014799231564956333,74.98573303222656,1.0,hold_fare
2017-08-24,KHV-DME,213.49569702148438,0.033519982493785724,76.18106079101562,1.0,hold_fare
2017-08-25,KHV-DME,213.22515869140625,0.03221032252050558,76.77305603027344,1.0,hold_fare
2017-08-26,KHV-DME,211.315185546875,0.022964256069551183,77.45956420898438,1.0,hold_fare
2017-08-27,KHV-DME,194.97946166992188,-0.056116012112868686,78.02726745605469,1.0,hold_fare
2017-08-28,KHV-DME,182.23147583007812,-0.11782825373705585,77.90106201171875,0.94,lower_fare
2017-08-29,KHV-DME,189.73995971679688,-0.08148012959651453,80.04029846191406,1.0,hold_fare
2017-08-16,KRR-DME,162.2346954345703,-0.10649655198957617,55.56353759765625,0.94,lower_fare
2017-08-17,KRR-DME,178.84597778320312,-0.015010338617432166,58.05833435058594,1.0,hold_fare
2017-08-18,KRR-DME,192.3895263671875,0.05958040937935767,59.436431884765625,1.0,hold_fare
2017-08-19,KRR-DME,175.9394073486328,-0.03101820106762709,60.2696533203125,1.0,hold_fare
2017-08-20,KRR-DME,169.6371307373047,-0.06572782857821431,60.652984619140625,1.0,hold_fare
2017-08-21,KRR-DME,178.7249298095703,-0.015677007241299643,61.018310546875,1.0,hold_fare
2017-08-22,KRR-DME,168.08010864257812,-0.07430308800693752,61.404083251953125,1.0,hold_fare
2017-08-23,KRR-DME,170.60000610351562,-0.060424817085473946,61.372711181640625,1.0,hold_fare
2017-08-24,KRR-DME,179.94024658203125,-0.00898368114963534,62.26228332519531,1.0,hold_fare
2017-08-25,KRR-DME,193.7431640625,0.06703553442165334,62.59794616699219,1.0,hold_fare
2017-08-26,KRR-DME,175.46792602539062,-0.03361487241628222,62.79335021972656,1.0,hold_fare
2017-08-27,KRR-DME,167.16604614257812,-0.07933726388543964,62.79594421386719,1.0,hold_fare
2017-08-28,KRR-DME,173.69273376464844,-0.043391698463441986,62.63453674316406,1.0,hold_fare
2017-08-29,KRR-DME,166.39865112304688,-0.08356367236036,64.19708251953125,1.0,hold_fare
2017-08-16,KZN-DME,149.5096893310547,-0.1654163860089568,47.63909912109375,0.94,lower_fare
2017-08-17,KZN-DME,148.357177734375,-0.17184986394201712,52.20716857910156,0.94,lower_fare
2017-08-18,KZN-DME,158.66232299804688,-0.11432512853647839,55.59815979003906,0.94,lower_fare
2017-08-19,KZN-DME,158.8374786376953,-0.11334738571308667,57.44627380371094,0.94,lower_fare
2017-08-20,KZN-DME,165.88763427734375,-0.07399244918751102,58.952056884765625,1.0,hold_fare
2017-08-21,KZN-DME,177.44981384277344,-0.009450775761776052,60.047210693359375,1.0,hold_fare
2017-08-22,KZN-DME,157.85939025878906,-0.11880720930219799,61.374237060546875,0.94,lower_fare
2017-08-23,KZN-DME,141.10910034179688,-0.21230962686032853,61.23736572265625,0.94,lower_fare
2017-08-24,KZN-DME,142.79759216308594,-0.2028842337417593,62.090911865234375,0.94,lower_fare
2017-08-25,KZN-DME,155.83241271972656,-0.130122076159882,61.87409210205078,0.94,lower_fare
2017-08-26,KZN-DME,155.9103546142578,-0.12968699380585422,62.774269104003906,0.94,lower_fare
2017-08-27,KZN-DME,159.30821228027344,-0.11071968590459863,62.616790771484375,0.94,lower_fare
2017-08-28,KZN-DME,169.22572326660156,-0.05535877824411111,62.98439025878906,1.0,hold_fare
2017-08-29,KZN-DME,150.23915100097656,-0.1613444308373335,64.51931762695312,0.94,lower_fare
2017-08-16,LED-DME,269.4779357910156,-0.07713035661593842,142.960205078125,1.0,hold_fare
2017-08-17,LED-DME,223.7460479736328,-0.2337464102487013,161.07730102539062,0.94,lower_fare
2017-08-18,LED-DME,238.67266845703125,-0.18262784712445515,173.69049072265625,0.94,lower_fare
2017-08-19,LED-DME,252.02880859375,-0.13688764133343273,185.6452178955078,0.94,lower_fare
2017-08-20,LED-DME,276.0489196777344,-0.05462698721794054,194.82986450195312,1.0,hold_fare
2017-08-21,LED-DME,294.19647216796875,0.00752216493303625,202.70216369628906,1.0,hold_fare
2017-08-22,LED-DME,267.30633544921875,-0.08456734406237638,212.71136474609375,1.0,hold_fare
2017-08-23,LED-DME,235.04299926757812,-0.19505822101836867,220.3068389892578,0.94,lower_fare
2017-08-24,LED-DME,208.01614379882812,-0.2876159449094381,232.6243667602539,0.94,lower_fare
2017-08-25,LED-DME,213.73980712890625,-0.26801435822972397,240.36622619628906,0.94,lower_fare
2017-08-26,LED-DME,221.41842651367188,-0.24171771659113153,244.9803695678711,0.94,lower_fare
2017-08-27,LED-DME,244.6568603515625,-0.16213403933665568,249.3055648803711,0.94,lower_fare
2017-08-28,LED-DME,260.2877197265625,-0.1086036991946363,246.12759399414062,0.94,lower_fare
2017-08-29,LED-DME,239.17010498046875,-0.18092429739248955,254.3665542602539,0.94,lower_fare
2017-08-16,LED-IKT,144.7832794189453,-0.062457962937958605,49.98805236816406,1.0,hold_fare
2017-08-17,LED-IKT,144.4872589111328,-0.06437483945231583,52.22828674316406,1.0,hold_fare
2017-08-18,LED-IKT,155.42774963378906,0.006470149892429855,53.69236755371094,1.0,hold_fare
2017-08-19,LED-IKT,137.1837615966797,-0.11166853061648935,54.46513366699219,0.94,lower_fare
2017-08-20,LED-IKT,142.39590454101562,-0.07791737441011405,55.01232147216797,1.0,hold_fare
2017-08-21,LED-IKT,147.61387634277344,-0.04412847352185811,55.24085998535156,1.0,hold_fare
2017-08-22,LED-IKT,150.51275634765625,-0.0253568180025747,55.802391052246094,1.0,hold_fare
2017-08-23,LED-IKT,142.69888305664062,-0.07595544141686267,55.226776123046875,1.0,hold_fare
2017-08-24,LED-IKT,148.02200317382812,-0.04148565413373891,56.08696746826172,1.0,hold_fare
2017-08-25,LED-IKT,148.14698791503906,-0.04067631725079562,56.03266906738281,1.0,hold_fare
2017-08-26,LED-IKT,141.581298828125,-0.08319234191503541,56.12371826171875,1.0,hold_fare
2017-08-27,LED-IKT,134.4592742919922,-0.12931090872945375,55.81062316894531,0.94,lower_fare
2017-08-28,LED-IKT,146.60391235351562,-0.05066848071818748,56.263938903808594,1.0,hold_fare
2017-08-29,LED-IKT,141.91815185546875,-0.08101105501137819,57.62989807128906,1.0,hold_fare
2017-08-16,LED-SVO,426.82000732421875,-0.023614352538641505,113.1356201171875,1.0,hold_fare
2017-08-17,LED-SVO,422.2704162597656,-0.034021913877181544,133.9879150390625,1.0,hold_fare
2017-08-18,LED-SVO,441.5344543457031,0.010046147442405574,151.8060302734375,1.0,hold_fare
2017-08-19,LED-SVO,438.0839538574219,0.002152845611163714,167.24884033203125,1.0,hold_fare
2017-08-20,LED-SVO,444.36822509765625,0.016528629604537652,181.23590087890625,1.0,hold_fare
2017-08-21,LED-SVO,443.90460205078125,0.015468053998960144,193.1180419921875,1.0,hold_fare
2017-08-22,LED-SVO,410.2380676269531,-0.06154689462130193,202.85580444335938,1.0,hold_fare
2017-08-23,LED-SVO,386.0487976074219,-0.11688182646380596,209.44635009765625,0.94,lower_fare
2017-08-24,LED-SVO,392.2368469238281,-0.10272615798414884,215.22705078125,0.94,lower_fare
2017-08-25,LED-SVO,408.6416931152344,-0.06519873176767893,219.51559448242188,1.0,hold_fare
2017-08-26,LED-SVO,407.51580810546875,-0.0677742857313816,220.928955078125,1.0,hold_fare
2017-08-27,LED-SVO,404.4683532714844,-0.07474558769276682,223.25531005859375,1.0,hold_fare
2017-08-28,LED-SVO,414.32769775390625,-0.05219153151388776,227.96148681640625,1.0,hold_fare
2017-08-29,LED-SVO,384.9588623046875,-0.11937514253497504,237.09359741210938,0.94,lower_fare
2017-08-16,LED-VKO,288.61566162109375,-0.10763705220875286,121.30123901367188,0.94,lower_fare
2017-08-17,LED-VKO,278.15997314453125,-0.13996471213336836,139.2549591064453,0.94,lower_fare
2017-08-18,LED-VKO,317.366943359375,-0.018741743160912656,156.41665649414062,1.0,hold_fare
2017-08-19,LED-VKO,289.51348876953125,-0.10486108477333848,168.58355712890625,0.94,lower_fare
2017-08-20,LED-VKO,317.3564758300781,-0.018774107431148795,178.61367797851562,1.0,hold_fare
2017-08-21,LED-VKO,351.0546875,0.08541648024511102,186.63790893554688,1.0,hold_fare
2017-08-22,LED-VKO,299.42987060546875,-0.07420089243943141,196.15521240234375,1.0,hold_fare
2017-08-23,LED-VKO,260.07830810546875,-0.19587092238092157,203.21066284179688,0.94,lower_fare
2017-08-24,LED-VKO,261.66259765625,-0.190972500442033,212.40084838867188,0.94,lower_fare
2017-08-25,LED-VKO,294.1229248046875,-0.09060929437973354,217.5206298828125,1.0,hold_fare
2017-08-26,LED-VKO,279.8163146972656,-0.1348435145617465,225.1212158203125,0.94,lower_fare
2017-08-27,LED-VKO,296.6139831542969,-0.08290725855884404,228.52108764648438,1.0,hold_fare
2017-08-28,LED-VKO,327.99249267578125,0.014111104892374394,230.52853393554688,1.0,hold_fare
2017-08-29,LED-VKO,274.84381103515625,-0.15021786391453315,238.26351928710938,0.94,lower_fare
2017-08-16,OVB-DME,316.768798828125,-0.020158350975355014,54.54217529296875,1.0,hold_fare
2017-08-17,OVB-DME,330.7578125,0.023113013603213235,57.4727783203125,1.0,hold_fare
2017-08-18,OVB-DME,341.6535339355469,0.05681608557403908,59.31427001953125,1.0,hold_fare
2017-08-19,OVB-DME,335.6031494140625,0.038100799377983385,60.55401611328125,1.0,hold_fare
2017-08-20,OVB-DME,319.50616455078125,-0.011691024189616138,61.30328369140625,1.0,hold_fare
2017-08-21,OVB-DME,308.18768310546875,-0.04670179396822856,61.70263671875,1.0,hold_fare
2017-08-22,OVB-DME,305.6130676269531,-0.05466569532922725,62.180084228515625,1.0,hold_fare
2017-08-23,OVB-DME,314.1103210449219,-0.02838165849933627,62.20941162109375,1.0,hold_fare
2017-08-24,OVB-DME,330.6791687011719,0.02286974952679181,63.070526123046875,1.0,hold_fare
2017-08-25,OVB-DME,342.16241455078125,0.05839017500916802,63.442047119140625,1.0,hold_fare
2017-08-26,OVB-DME,334.2654724121094,0.033963044522810557,63.476959228515625,1.0,hold_fare
2017-08-27,OVB-DME,319.1628112792969,-0.012753097966805686,63.369354248046875,1.0,hold_fare
2017-08-28,OVB-DME,308.81744384765625,-0.04475379339351667,63.596405029296875,1.0,hold_fare
2017-08-29,OVB-DME,303.3558349609375,-0.061647855753174004,64.92379760742188,1.0,hold_fare
2017-08-16,OVB-SVO,274.4864807128906,-0.057672671452163406,70.08323669433594,1.0,hold_fare
2017-08-17,OVB-SVO,286.2562561035156,-0.017266379192361878,72.89566040039062,1.0,hold_fare
2017-08-18,OVB-SVO,295.6620788574219,0.015024332441859503,74.51828002929688,1.0,hold_fare
2017-08-19,OVB-SVO,277.53961181640625,-0.0471911028935648,75.2947998046875,1.0,hold_fare
2017-08-20,OVB-SVO,269.39923095703125,-0.07513748225879872,75.91893005371094,1.0,hold_fare
2017-08-21,OVB-SVO,282.6741027832031,-0.02956411038740716,76.08213806152344,1.0,hold_fare
2017-08-22,OVB-SVO,272.526123046875,-0.06440268813964103,76.51676940917969,1.0,hold_fare
2017-08-23,OVB-SVO,273.25732421875,-0.061892433927396316,76.48306274414062,1.0,hold_fare
2017-08-24,OVB-SVO,283.481201171875,-0.026793296816821348,77.54345703125,1.0,hold_fare
2017-08-25,OVB-SVO,294.0907287597656,0.009629800330487196,78.08293151855469,1.0,hold_fare
2017-08-26,OVB-SVO,274.34027099609375,-0.05817461752607261,78.15263366699219,1.0,hold_fare
2017-08-27,OVB-SVO,266.132080078125,-0.08635379258661571,78.00312805175781,1.0,hold_fare
2017-08-28,OVB-SVO,277.74139404296875,-0.046498373308783404,77.838623046875,1.0,hold_fare
2017-08-29,OVB-SVO,269.63873291015625,-0.07431525875889486,79.66842651367188,1.0,hold_fare
2017-08-16,PEE-VKO,254.97894287109375,-0.15249165465280357,69.6195068359375,0.94,lower_fare
2017-08-17,PEE-VKO,275.1100158691406,-0.08557925746574895,75.71800231933594,1.0,hold_fare
2017-08-18,PEE-VKO,311.0063781738281,0.033734385296099866,79.44863891601562,1.0,hold_fare
2017-08-19,PEE-VKO,291.36859130859375,-0.03153840938944783,82.33010864257812,1.0,hold_fare
2017-08-20,PEE-VKO,282.77471923828125,-0.06010303589491407,84.76298522949219,1.0,hold_fare
2017-08-21,PEE-VKO,287.782470703125,-0.04345808830259302,86.96578979492188,1.0,hold_fare
2017-08-22,PEE-VKO,266.9136047363281,-0.11282278876089433,87.9630126953125,0.94,lower_fare
2017-08-23,PEE-VKO,267.10205078125,-0.11219642490004272,88.642822265625,0.94,lower_fare
2017-08-24,PEE-VKO,285.68450927734375,-0.050431369270707044,90.59014892578125,1.0,hold_fare
2017-08-25,PEE-VKO,309.8438720703125,0.0298704049638861,91.17013549804688,1.0,hold_fare
2017-08-26,PEE-VKO,283.74530029296875,-0.05687698306405994,91.26251220703125,1.0,hold_fare
2017-08-27,PEE-VKO,272.7767639160156,-0.09333460569980076,91.99673461914062,1.0,hold_fare
2017-08-28,PEE-VKO,283.9884948730469,-0.05606864401837145,92.79713439941406,1.0,hold_fare
2017-08-29,PEE-VKO,254.88772583007812,-0.15279484519208866,95.94488525390625,0.94,lower_fare
2017-08-16,SCW-DME,158.5878143310547,-0.10402364725944444,50.11415100097656,0.94,lower_fare
2017-08-17,SCW-DME,156.78790283203125,-0.11419263872189893,54.0494384765625,0.94,lower_fare
2017-08-18,SCW-DME,159.6363067626953,-0.09809996123844478,56.42218017578125,1.0,hold_fare
2017-08-19,SCW-DME,159.33901977539062,-0.09977954872785212,58.05755615234375,1.0,hold_fare
2017-08-20,SCW-DME,160.13766479492188,-0.09526742999893048,59.09727478027344,1.0,hold_fare
2017-08-21,SCW-DME,161.78831481933594,-0.08594172369899626,59.96734619140625,1.0,hold_fare
2017-08-22,SCW-DME,155.14413452148438,-0.12347946528269017,60.51439666748047,0.94,lower_fare
2017-08-23,SCW-DME,150.034423828125,-0.15234788711597239,60.85292053222656,0.94,lower_fare
2017-08-24,SCW-DME,149.0148468017578,-0.15810820926629365,61.90819549560547,0.94,lower_fare
2017-08-25,SCW-DME,151.55117797851562,-0.14377865467630352,62.25886535644531,0.94,lower_fare
2017-08-26,SCW-DME,151.66452026367188,-0.14313830278638318,62.20710754394531,0.94,lower_fare
2017-08-27,SCW-DME,152.7474822998047,-0.13701987323827933,62.50450134277344,0.94,lower_fare
2017-08-28,SCW-DME,153.52243041992188,-0.13264163529625136,62.25886535644531,0.94,lower_fare
2017-08-29,SCW-DME,146.86534118652344,-0.1702523087187811,64.11638641357422,0.94,lower_fare
2017-08-16,SVO-AER,323.1164855957031,-0.03341219726510905,65.44049072265625,1.0,hold_fare
2017-08-17,SVO-AER,325.591552734375,-0.026008150098108206,68.78521728515625,1.0,hold_fare
2017-08-18,SVO-AER,321.70166015625,-0.037644581156078875,70.76852416992188,1.0,hold_fare
2017-08-19,SVO-AER,325.85784912109375,-0.025211536957049932,72.00241088867188,1.0,hold_fare
2017-08-20,SVO-AER,323.6998291015625,-0.03166715254916486,72.4461669921875,1.0,hold_fare
2017-08-21,SVO-AER,316.6804504394531,-0.05266529433096123,72.84051513671875,1.0,hold_fare
2017-08-22,SVO-AER,324.907470703125,-0.028054549384145602,73.31329345703125,1.0,hold_fare
2017-08-23,SVO-AER,328.0563049316406,-0.018634959594146294,73.60693359375,1.0,hold_fare
2017-08-24,SVO-AER,328.83270263671875,-0.01631240230310073,74.24798583984375,1.0,hold_fare
2017-08-25,SVO-AER,320.7744140625,-0.04041839432109316,74.45260620117188,1.0,hold_fare
2017-08-26,SVO-AER,326.6824951171875,-0.02274464716818026,74.90536499023438,1.0,hold_fare
2017-08-27,SVO-AER,320.2954406738281,-0.041851220730548776,74.94873046875,1.0,hold_fare
2017-08-28,SVO-AER,313.19403076171875,-0.06309475514621686,74.6427001953125,1.0,hold_fare
2017-08-29,SVO-AER,318.8145446777344,-0.04628125159039222,75.66973876953125,1.0,hold_fare
2017-08-16,SVO-LED,439.0857238769531,-0.046354280244484916,113.02438354492188,1.0,hold_fare
2017-08-17,SVO-LED,406.0142517089844,-0.11818186673191902,136.966552734375,0.94,lower_fare
2017-08-18,SVO-LED,426.8016052246094,-0.07303402980149765,155.52334594726562,1.0,hold_fare
2017-08-19,SVO-LED,437.0631408691406,-0.050747107246071343,171.98300170898438,1.0,hold_fare
2017-08-20,SVO-LED,462.53802490234375,0.004581528469289911,182.267333984375,1.0,hold_fare
2017-08-21,SVO-LED,441.05584716796875,-0.042075389956274786,193.62881469726562,1.0,hold_fare
2017-08-22,SVO-LED,416.8298034667969,-0.0946916823413367,197.87521362304688,1.0,hold_fare
2017-08-23,SVO-LED,396.2445983886719,-0.1394004751825175,199.11563110351562,0.94,lower_fare
2017-08-24,SVO-LED,405.7784423828125,-0.11869401855522245,201.66400146484375,0.94,lower_fare
2017-08-25,SVO-LED,397.33026123046875,-0.13704253534635602,200.85528564453125,0.94,lower_fare
2017-08-26,SVO-LED,404.3035888671875,-0.12189723756863105,200.56143188476562,0.94,lower_fare
2017-08-27,SVO-LED,375.94683837890625,-0.18348496906890405,201.02288818359375,0.94,lower_fare
2017-08-28,SVO-LED,384.6371765136719,-0.16461051404586768,195.66790771484375,0.94,lower_fare
2017-08-29,SVO-LED,372.1978759765625,-0.191627301524648,208.80645751953125,0.94,lower_fare
2017-08-16,SVO-OVB,279.12811279296875,-0.06912969908204764,74.67306518554688,1.0,hold_fare
2017-08-17,SVO-OVB,289.78118896484375,-0.03360252811004593,78.14581298828125,1.0,hold_fare
2017-08-18,SVO-OVB,296.9408264160156,-0.00972570044811054,80.138427734375,1.0,hold_fare
2017-08-19,SVO-OVB,279.3702697753906,-0.06832212459578994,81.29275512695312,1.0,hold_fare
2017-08-20,SVO-OVB,274.24139404296875,-0.08542652168261108,82.1304931640625,1.0,hold_fare
2017-08-21,SVO-OVB,289.261474609375,-0.03533573460040112,82.39337158203125,1.0,hold_fare
2017-08-22,SVO-OVB,278.1859130859375,-0.07227186098358764,82.98153686523438,1.0,hold_fare
2017-08-23,SVO-OVB,276.6701965332031,-0.07732665644785487,82.94161987304688,1.0,hold_fare
2017-08-24,SVO-OVB,283.86956787109375,-0.05331731939951652,84.30101013183594,1.0,hold_fare
2017-08-25,SVO-OVB,294.1529541015625,-0.019023035299162654,84.96586608886719,1.0,hold_fare
2017-08-26,SVO-OVB,274.9284973144531,-0.08313508632557368,85.07064819335938,1.0,hold_fare
2017-08-27,SVO-OVB,268.33172607421875,-0.10513479945385604,84.89486694335938,0.94,lower_fare
2017-08-28,SVO-OVB,281.82232666015625,-0.06014470778465965,84.77584838867188,1.0,hold_fare
2017-08-29,SVO-OVB,273.5971374511719,-0.08757506673357342,86.67300415039062,1.0,hold_fare
2017-08-16,SVO-SVX,319.13665771484375,-0.1434215772293863,94.80377197265625,0.94,lower_fare
2017-08-17,SVO-SVX,331.7074890136719,-0.10968085032503204,101.88189697265625,0.94,lower_fare
2017-08-18,SVO-SVX,348.0146484375,-0.06591163573407302,105.32196044921875,1.0,hold_fare
2017-08-19,SVO-SVX,337.58465576171875,-0.09390624691947305,107.984619140625,1.0,hold_fare
2017-08-20,SVO-SVX,339.1597595214844,-0.08967859128231341,109.54855346679688,1.0,hold_fare
2017-08-21,SVO-SVX,351.33416748046875,-0.05700188403825214,110.06265258789062,1.0,hold_fare
2017-08-22,SVO-SVX,332.6356506347656,-0.10718961907421203,110.35360717773438,0.94,lower_fare
2017-08-23,SVO-SVX,321.0552062988281,-0.13827209886267028,110.77420043945312,0.94,lower_fare
2017-08-24,SVO-SVX,330.0881042480469,-0.11402735835072787,111.98236083984375,0.94,lower_fare
2017-08-25,SVO-SVX,348.53045654296875,-0.06452718151557628,112.644775390625,1.0,hold_fare
2017-08-26,SVO-SVX,339.1220703125,-0.08977975096518191,112.46121215820312,1.0,hold_fare
2017-08-27,SVO-SVX,336.9581298828125,-0.09558787306464747,112.25189208984375,1.0,hold_fare
2017-08-28,SVO-SVX,346.6507263183594,-0.06957246950447149,111.18341064453125,1.0,hold_fare
2017-08-29,SVO-SVX,329.75750732421875,-0.11491469668636715,113.28753662109375,0.94,lower_fare
2017-08-16,SVO-UFA,166.74209594726562,-0.09589879279112215,42.307098388671875,1.0,hold_fare
2017-08-17,SVO-UFA,171.36495971679688,-0.07083291685868008,44.48695373535156,1.0,hold_fare
2017-08-18,SVO-UFA,176.5862579345703,-0.04252223762223343,45.9041748046875,1.0,hold_fare
2017-08-19,SVO-UFA,182.80186462402344,-0.008820265448719266,46.94049072265625,1.0,hold_fare
2017-08-20,SVO-UFA,179.62222290039062,-0.026060770237005034,47.6890869140625,1.0,hold_fare
2017-08-21,SVO-UFA,170.68727111816406,-0.07450744831386139,48.393310546875,1.0,hold_fare
2017-08-22,SVO-UFA,165.93594360351562,-0.10026987436273718,49.03125,0.94,lower_fare
2017-08-23,SVO-UFA,166.09259033203125,-0.0994205117905423,49.25068664550781,1.0,hold_fare
2017-08-24,SVO-UFA,170.22625732421875,-0.0770071357669808,49.91355895996094,1.0,hold_fare
2017-08-25,SVO-UFA,173.29281616210938,-0.060379783718081,50.20744323730469,1.0,hold_fare
2017-08-26,SVO-UFA,178.43734741210938,-0.032485346747435286,50.132293701171875,1.0,hold_fare
2017-08-27,SVO-UFA,173.51609802246094,-0.05916911524750554,50.09759521484375,1.0,hold_fare
2017-08-28,SVO-UFA,164.45140075683594,-0.10831929322221627,49.8603515625,0.94,lower_fare
2017-08-29,SVO-UFA,160.28912353515625,-0.1308877982953458,51.08319091796875,0.94,lower_fare
2017-08-16,SVX-SVO,298.51129150390625,-0.16416837312636826,106.64723205566406,0.94,lower_fare
2017-08-17,SVX-SVO,315.017333984375,-0.11795145374629176,114.547607421875,0.94,lower_fare
2017-08-18,SVX-SVO,330.7098693847656,-0.07401235421186153,118.40841674804688,1.0,hold_fare
2017-08-19,SVX-SVO,318.27105712890625,-0.10884102885590222,121.68557739257812,0.94,lower_fare
2017-08-20,SVX-SVO,323.400634765625,-0.09447821133797824,122.38525390625,1.0,hold_fare
2017-08-21,SVX-SVO,340.1571350097656,-0.0475600102130235,123.4398193359375,1.0,hold_fare
2017-08-22,SVX-SVO,319.8687744140625,-0.10436742041538134,124.48419189453125,0.94,lower_fare
2017-08-23,SVX-SVO,304.13177490234375,-0.14843101946270149,125.35099792480469,0.94,lower_fare
2017-08-24,SVX-SVO,312.8184509277344,-0.1241083263628034,126.56582641601562,0.94,lower_fare
2017-08-25,SVX-SVO,333.5420837402344,-0.06608215394194938,127.36911010742188,1.0,hold_fare
2017-08-26,SVX-SVO,324.34063720703125,-0.09184620447728137,126.93258666992188,1.0,hold_fare
2017-08-27,SVX-SVO,323.811279296875,-0.09332840663966199,126.76434326171875,1.0,hold_fare
2017-08-28,SVX-SVO,337.1294250488281,-0.05603759818339744,125.53167724609375,1.0,hold_fare
2017-08-29,SVX-SVO,318.5910339355469,-0.10794509378888037,128.44764709472656,0.94,lower_fare
2017-08-16,UFA-SVO,161.4213409423828,-0.10887270145596566,49.53773498535156,0.94,lower_fare
2017-08-17,UFA-SVO,165.09584045410156,-0.08858760913807331,52.51164245605469,1.0,hold_fare
2017-08-18,UFA-SVO,171.76466369628906,-0.051772338190818966,54.352081298828125,1.0,hold_fare
2017-08-19,UFA-SVO,178.35523986816406,-0.015389030573490668,55.78208923339844,1.0,hold_fare
2017-08-20,UFA-SVO,177.39097595214844,-0.020712254183347687,56.81278991699219,1.0,hold_fare
2017-08-21,UFA-SVO,169.4959259033203,-0.06429691614454845,57.72053527832031,1.0,hold_fare
2017-08-22,UFA-SVO,165.13900756835938,-0.08834930487513244,58.489715576171875,1.0,hold_fare
2017-08-23,UFA-SVO,161.60723876953125,-0.10784645160251614,58.78858947753906,0.94,lower_fare
2017-08-24,UFA-SVO,164.0353546142578,-0.09444202634358433,59.67919921875,1.0,hold_fare
2017-08-25,UFA-SVO,168.0504913330078,-0.07227644467755057,59.969970703125,1.0,hold_fare
2017-08-26,UFA-SVO,175.36203002929688,-0.03191305995888141,60.01666259765625,1.0,hold_fare
2017-08-27,UFA-SVO,170.48464965820312,-0.05883866187598015,60.2210693359375,1.0,hold_fare
2017-08-28,UFA-SVO,163.73886108398438,-0.09607882031078266,60.099761962890625,1.0,hold_fare
2017-08-29,UFA-SVO,159.57009887695312,-0.11909249222753707,61.667724609375,0.94,lower_fare
2017-08-16,VKO-AER,181.8837432861328,-0.1489396771363922,62.619598388671875,0.94,lower_fare
2017-08-17,VKO-AER,186.8993377685547,-0.12547098576808757,70.19094848632812,0.94,lower_fare
2017-08-18,VKO-AER,197.24691772460938,-0.0770531638631076,76.6802978515625,1.0,hold_fare
2017-08-19,VKO-AER,192.10296630859375,-0.10112245587208425,80.40028381347656,0.94,lower_fare
2017-08-20,VKO-AER,190.9319305419922,-0.10660190144607085,83.75112915039062,0.94,lower_fare
2017-08-21,VKO-AER,193.72657775878906,-0.09352534327452033,85.2725830078125,1.0,hold_fare
2017-08-22,VKO-AER,185.27682495117188,-0.13306295770396243,86.84675598144531,0.94,lower_fare
2017-08-23,VKO-AER,185.871337890625,-0.13028114574938995,87.86203002929688,0.94,lower_fare
2017-08-24,VKO-AER,193.5606689453125,-0.09430165458764767,90.60325622558594,1.0,hold_fare
2017-08-25,VKO-AER,205.52008056640625,-0.038341839402103145,91.2283935546875,1.0,hold_fare
2017-08-26,VKO-AER,197.04598999023438,-0.07799333376757375,92.14285278320312,1.0,hold_fare
2017-08-27,VKO-AER,189.91050720214844,-0.11138128885531785,91.9002685546875,0.94,lower_fare
2017-08-28,VKO-AER,186.12918090820312,-0.1290746610101988,92.08035278320312,0.94,lower_fare
2017-08-29,VKO-AER,175.2239532470703,-0.18010179711085164,94.91392517089844,0.94,lower_fare
2017-08-16,VKO-LED,300.01507568359375,-0.08928637736839407,109.02885437011719,1.0,hold_fare
2017-08-17,VKO-LED,291.244384765625,-0.11591033169489424,126.78997802734375,0.94,lower_fare
2017-08-18,VKO-LED,326.3748474121094,-0.009269721312350513,143.051025390625,1.0,hold_fare
2017-08-19,VKO-LED,298.8006896972656,-0.0929727183120138,153.5389404296875,1.0,hold_fare
2017-08-20,VKO-LED,321.94549560546875,-0.022715282363236604,165.02578735351562,1.0,hold_fare
2017-08-21,VKO-LED,354.810546875,0.07704853694379829,173.6005859375,1.0,hold_fare
2017-08-22,VKO-LED,309.2686767578125,-0.06119652051904218,183.46530151367188,1.0,hold_fare
2017-08-23,VKO-LED,270.1673278808594,-0.1798909924074264,189.67733764648438,0.94,lower_fare
2017-08-24,VKO-LED,272.0814208984375,-0.1740806491228092,199.66445922851562,0.94,lower_fare
2017-08-25,VKO-LED,301.84783935546875,-0.08372291415350637,203.90274047851562,1.0,hold_fare
2017-08-26,VKO-LED,284.7715759277344,-0.13555892819384346,212.55418395996094,0.94,lower_fare
2017-08-27,VKO-LED,300.7887878417969,-0.08693772805963146,213.9088134765625,1.0,hold_fare
2017-08-28,VKO-LED,334.8726806640625,0.0165259573280515,220.14739990234375,1.0,hold_fare
2017-08-29,VKO-LED,285.9465026855469,-0.13199236808705686,226.9408721923828,0.94,lower_fare
2017-08-16,VKO-PEE,265.4334716796875,-0.1325703535547129,70.58699035644531,0.94,lower_fare
2017-08-17,VKO-PEE,277.1393127441406,-0.09431597111615492,76.21318054199219,1.0,hold_fare
2017-08-18,VKO-PEE,309.3402099609375,0.010915718790920854,79.55899047851562,1.0,hold_fare
2017-08-19,VKO-PEE,295.2964172363281,-0.034979028525140024,82.212158203125,1.0,hold_fare
2017-08-20,VKO-PEE,292.68804931640625,-0.04350310666696289,84.59408569335938,1.0,hold_fare
2017-08-21,VKO-PEE,298.95831298828125,-0.02301204898270164,86.43144226074219,1.0,hold_fare
2017-08-22,VKO-PEE,276.348388671875,-0.09690069029811867,87.38371276855469,1.0,hold_fare
2017-08-23,VKO-PEE,270.99298095703125,-0.11440202264237492,88.15742492675781,0.94,lower_fare
2017-08-24,VKO-PEE,284.35223388671875,-0.07074433347234287,89.62898254394531,1.0,hold_fare
2017-08-25,VKO-PEE,306.67071533203125,0.0021918801628737577,90.60665893554688,1.0,hold_fare
2017-08-26,VKO-PEE,288.7101745605469,-0.05650269732990336,90.63125610351562,1.0,hold_fare
2017-08-27,VKO-PEE,284.0687255859375,-0.0716708311842865,91.4141845703125,1.0,hold_fare
2017-08-28,VKO-PEE,295.5215148925781,-0.034243415271825034,91.86868286132812,1.0,hold_fare
2017-08-29,VKO-PEE,267.0460205078125,-0.12730058615976117,94.84672546386719,0.94,lower_fare
