date,route,timesfm_p50_passengers,timesfm_q10_passengers,timesfm_q90_passengers,uncertainty_band,demand_index_vs_last7
2017-08-16,AER-SVO,313.0891418457031,276.7389221191406,343.70098876953125,66.96206665039062,-0.025078281651370306
2017-08-17,AER-SVO,314.0395812988281,275.3402099609375,344.9879150390625,69.647705078125,-0.022118728163169003
2017-08-18,AER-SVO,305.8931884765625,265.9403381347656,336.8423767089844,70.90203857421875,-0.047485609992540444
2017-08-19,AER-SVO,317.7718811035156,277.1699523925781,348.57598876953125,71.40603637695312,-0.010496798044782815
2017-08-20,AER-SVO,316.66790771484375,275.43994140625,346.99493408203125,71.55499267578125,-0.013934437636218796
2017-08-21,AER-SVO,302.610595703125,260.9246826171875,332.57659912109375,71.65191650390625,-0.05770720681391487
2017-08-22,AER-SVO,313.59515380859375,271.8946838378906,343.82452392578125,71.92984008789062,-0.0235026216080918
2017-08-23,AER-SVO,316.69769287109375,275.1535339355469,347.0914306640625,71.93789672851562,-0.013841690262583922
2017-08-24,AER-SVO,315.191162109375,273.0197448730469,345.7060852050781,72.68634033203125,-0.018532844818792037
2017-08-25,AER-SVO,304.41455078125,262.03564453125,334.9285583496094,72.89291381835938,-0.05208990891401263
2017-08-26,AER-SVO,318.291015625,275.7244567871094,348.8650207519531,73.14056396484375,-0.00888027594139878
2017-08-27,AER-SVO,312.25653076171875,269.7620849609375,342.93408203125,73.1719970703125,-0.027670931851042673
2017-08-28,AER-SVO,297.9105529785156,255.33200073242188,328.5384521484375,73.20645141601562,-0.0723425713230136
2017-08-29,AER-SVO,307.5038757324219,264.7021484375,338.77020263671875,74.06805419921875,-0.042470124712750544
2017-08-16,AER-VKO,171.9443359375,143.7963104248047,198.8213653564453,55.025054931640625,-0.1571356073792372
2017-08-17,AER-VKO,176.98446655273438,145.38612365722656,206.9712677001953,61.58514404296875,-0.1324290848766497
2017-08-18,AER-VKO,187.22024536132812,152.9244384765625,220.54055786132812,67.61611938476562,-0.08225369880597146
2017-08-19,AER-VKO,185.34901428222656,149.4923553466797,220.43516540527344,70.94281005859375,-0.09142640012915214
2017-08-20,AER-VKO,185.07896423339844,146.89797973632812,221.4027557373047,74.50477600097656,-0.09275017487182052
2017-08-21,AER-VKO,185.2921600341797,145.61199951171875,221.7668914794922,76.15489196777344,-0.09170509742213341
2017-08-22,AER-VKO,176.02931213378906,135.7953643798828,213.54994201660156,77.75457763671875,-0.13711121435833198
2017-08-23,AER-VKO,176.30149841308594,136.0015869140625,215.04039001464844,79.03880310058594,-0.13577696789773086
2017-08-24,AER-VKO,182.83901977539062,141.28981018066406,222.430419921875,81.14060974121094,-0.10373029471019157
2017-08-25,AER-VKO,195.47894287109375,154.0453338623047,235.5225830078125,81.47724914550781,-0.04176988768204099
2017-08-26,AER-VKO,188.8057098388672,146.7951202392578,229.32635498046875,82.53123474121094,-0.07448181415024999
2017-08-27,AER-VKO,183.14797973632812,142.06417846679688,224.3118438720703,82.24766540527344,-0.10221578510517691
2017-08-28,AER-VKO,178.1243438720703,136.828125,219.60317993164062,82.77505493164062,-0.12684145098572666
2017-08-29,AER-VKO,166.1591339111328,124.1462631225586,209.53012084960938,85.38385772705078,-0.18549444070280757
2017-08-16,DME-KHV,188.83743286132812,152.6859130859375,222.06021118164062,69.37429809570312,-0.12285203003542566
2017-08-17,DME-KHV,203.87001037597656,165.25930786132812,238.05755615234375,72.79824829101562,-0.05302585955276643
2017-08-18,DME-KHV,213.51931762695312,173.6839141845703,248.2798614501953,74.595947265625,-0.008204924986509076
2017-08-19,DME-KHV,216.8910675048828,176.33474731445312,252.06549072265625,75.73074340820312,0.007456819087105958
2017-08-20,DME-KHV,211.50750732421875,170.0850372314453,246.28506469726562,76.20002746582031,-0.017549763490791754
2017-08-21,DME-KHV,199.6803436279297,157.61489868164062,235.0302276611328,77.41532897949219,-0.07248681921384764
2017-08-22,DME-KHV,202.5082244873047,159.91278076171875,238.21238708496094,78.29960632324219,-0.059351341229519704
2017-08-23,DME-KHV,209.11724853515625,166.5037841796875,245.2333984375,78.7296142578125,-0.028652491385599888
2017-08-24,DME-KHV,214.6909942626953,171.45274353027344,251.510498046875,80.05775451660156,-0.002762498866426905
2017-08-25,DME-KHV,216.6372528076172,173.30630493164062,253.84642028808594,80.54011535644531,0.006277852385952808
2017-08-26,DME-KHV,215.31983947753906,171.8106689453125,252.93435668945312,81.12368774414062,0.00015848079498487682
2017-08-27,DME-KHV,199.195068359375,155.6181182861328,237.45819091796875,81.84007263183594,-0.0747409179271321
2017-08-28,DME-KHV,186.59567260742188,143.10870361328125,224.81610107421875,81.7073974609375,-0.13326498373667708
2017-08-29,DME-KHV,191.73829650878906,146.87191772460938,231.22915649414062,84.35723876953125,-0.1093775477387486
2017-08-16,DME-KRR,167.65011596679688,137.21139526367188,197.70164489746094,60.49024963378906,-0.11696705369577083
2017-08-17,DME-KRR,186.63499450683594,154.50021362304688,217.65365600585938,63.1534423828125,-0.016971458489840892
2017-08-18,DME-KRR,200.86619567871094,167.88571166992188,232.51004028320312,64.62432861328125,0.05798595715418041
2017-08-19,DME-KRR,184.7158966064453,151.36837768554688,216.79580688476562,65.42742919921875,-0.027079573556434103
2017-08-20,DME-KRR,178.73553466796875,144.94729614257812,210.7991485595703,65.85185241699219,-0.058578845480858135
2017-08-21,DME-KRR,186.38784790039062,152.36380004882812,218.54275512695312,66.178955078125,-0.018273208825641242
2017-08-22,DME-KRR,174.30564880371094,139.95864868164062,206.36981201171875,66.41116333007812,-0.08191157698907267
2017-08-23,DME-KRR,175.43692016601562,141.1623077392578,207.63050842285156,66.46820068359375,-0.07595303725048513
2017-08-24,DME-KRR,188.42041015625,153.7050323486328,221.06077575683594,67.35574340820312,-0.007567463611674355
2017-08-25,DME-KRR,204.04693603515625,169.2450408935547,237.0888671875,67.84382629394531,0.07473929189200783
2017-08-26,DME-KRR,186.90248107910156,152.12307739257812,220.13026428222656,68.00718688964844,-0.015562575154249103
2017-08-27,DME-KRR,176.0645294189453,141.2980194091797,209.1962890625,67.89826965332031,-0.07264734526667305
2017-08-28,DME-KRR,181.54441833496094,146.98275756835938,214.68751525878906,67.70475769042969,-0.0437841237999829
2017-08-29,DME-KRR,173.21022033691406,137.90200805664062,207.26815795898438,69.36614990234375,-0.08768132796808775
2017-08-16,DME-KUF,133.9033966064453,112.12940979003906,154.76687622070312,42.63746643066406,-0.07561760496594826
2017-08-17,DME-KUF,142.19778442382812,119.12773132324219,164.03427124023438,44.90653991699219,-0.018358519587785067
2017-08-18,DME-KUF,150.05755615234375,126.15474700927734,172.48941040039062,46.33466339111328,0.03590025759559902
2017-08-19,DME-KUF,157.51564025878906,133.27304077148438,180.33120727539062,47.05816650390625,0.08738604340772446
2017-08-20,DME-KUF,150.07923889160156,125.42280578613281,173.28012084960938,47.85731506347656,0.03604994119440466
2017-08-21,DME-KUF,133.00987243652344,108.29594421386719,156.28427124023438,47.98832702636719,-0.08178591754783482
2017-08-22,DME-KUF,129.62709045410156,104.87559509277344,152.99996948242188,48.12437438964844,-0.10513845502399112
2017-08-23,DME-KUF,133.33218383789062,108.71044158935547,156.626220703125,47.91577911376953,-0.07956088823216165
2017-08-24,DME-KUF,142.037109375,117.17269897460938,165.6701202392578,48.49742126464844,-0.019467716136288525
2017-08-25,DME-KUF,148.860595703125,123.95980834960938,172.57461547851562,48.61480712890625,0.027637217324867274
2017-08-26,DME-KUF,156.81634521484375,131.9105682373047,180.41006469726562,48.49949645996094,0.0825585630068351
2017-08-27,DME-KUF,149.4561767578125,124.62091064453125,172.8462371826172,48.22532653808594,0.03174872346743014
2017-08-28,DME-KUF,133.1062469482422,108.08226013183594,156.56956481933594,48.4873046875,-0.0811206102923412
2017-08-29,DME-KUF,129.50953674316406,104.0069808959961,153.33360290527344,49.326622009277344,-0.10594996976375091
2017-08-16,DME-KZN,162.50099182128906,137.61631774902344,190.5153350830078,52.899017333984375,-0.12566724293145587
2017-08-17,DME-KZN,156.70635986328125,129.96388244628906,188.2671356201172,58.303253173828125,-0.15684512343594173
2017-08-18,DME-KZN,163.18592834472656,135.05323791503906,197.40682983398438,62.35359191894531,-0.12198195813068759
2017-08-19,DME-KZN,169.7112579345703,140.678955078125,205.46083068847656,64.78187561035156,-0.08687257626159667
2017-08-20,DME-KZN,177.2271270751953,147.8223876953125,214.40892028808594,66.58653259277344,-0.04643361971493773
2017-08-21,DME-KZN,183.6732177734375,153.2046661376953,221.0933837890625,67.88871765136719,-0.011750580832177011
2017-08-22,DME-KZN,168.12583923339844,137.01132202148438,205.84205627441406,68.83073425292969,-0.09540288416948801
2017-08-23,DME-KZN,153.02549743652344,122.48248291015625,191.761962890625,69.27947998046875,-0.17664991685967488
2017-08-24,DME-KZN,149.93344116210938,118.05977630615234,189.09463500976562,71.03485870361328,-0.19328665267576126
2017-08-25,DME-KZN,160.12161254882812,127.80218505859375,199.376220703125,71.57403564453125,-0.1384694369567589
2017-08-26,DME-KZN,167.55433654785156,134.85870361328125,207.5203399658203,72.66163635253906,-0.09847784088237287
2017-08-27,DME-KZN,170.58372497558594,138.42906188964844,210.9634246826172,72.53436279296875,-0.08217828793646904
2017-08-28,DME-KZN,174.2400665283203,142.21893310546875,215.35809326171875,73.13916015625,-0.06250542849675914
2017-08-29,DME-KZN,157.3486785888672,124.68511962890625,200.08953857421875,75.4044189453125,-0.15338914269079068
2017-08-16,DME-LED,244.92965698242188,174.89886474609375,311.1680908203125,136.26922607421875,-0.21244483217084661
2017-08-17,DME-LED,204.3580322265625,130.1383819580078,277.9833984375,147.8450164794922,-0.34290021681844784
2017-08-18,DME-LED,236.7568817138672,157.28366088867188,313.7542724609375,156.47061157226562,-0.23872385224247256
2017-08-19,DME-LED,256.1328125,173.07260131835938,333.263427734375,160.19082641601562,-0.1764218241915697
2017-08-20,DME-LED,302.2725524902344,217.76473999023438,381.470703125,163.70596313476562,-0.02806253209550834
2017-08-21,DME-LED,344.1943664550781,260.7040100097656,422.56884765625,161.86483764648438,0.10673429694001231
2017-08-22,DME-LED,314.3149108886719,222.5046844482422,391.45458984375,168.9499053955078,0.010658877421263658
2017-08-23,DME-LED,285.2727355957031,189.48226928710938,364.041015625,174.55874633789062,-0.08272432257740371
2017-08-24,DME-LED,268.8162841796875,169.57717895507812,354.233642578125,184.65646362304688,-0.13563895718544547
2017-08-25,DME-LED,278.12335205078125,173.8953399658203,363.20050048828125,189.30516052246094,-0.1057126940305661
2017-08-26,DME-LED,265.5555725097656,159.3724365234375,355.8019714355469,196.42953491210938,-0.1461235605919962
2017-08-27,DME-LED,280.7850036621094,172.91287231445312,372.13427734375,199.22140502929688,-0.09715432874834821
2017-08-28,DME-LED,311.41693115234375,206.770263671875,402.6127014160156,195.84243774414062,0.001340614633450596
2017-08-29,DME-LED,282.4905700683594,175.7039031982422,383.34454345703125,207.64064025878906,-0.09167019241148049
2017-08-16,DME-OVB,329.29052734375,301.0909118652344,359.05364990234375,57.962738037109375,-0.026590476771712127
2017-08-17,DME-OVB,341.989501953125,312.73602294921875,373.05609130859375,60.320068359375,0.010948722676793577
2017-08-18,DME-OVB,358.0525207519531,328.1915588378906,389.9287109375,61.737152099609375,0.058432309736582394
2017-08-19,DME-OVB,350.132568359375,320.0152587890625,382.5642395019531,62.548980712890625,0.03502028777158276
2017-08-20,DME-OVB,336.3659362792969,306.0965881347656,368.9483947753906,62.851806640625,-0.005674993799161656
2017-08-21,DME-OVB,330.2304992675781,299.96539306640625,362.9925231933594,63.027130126953125,-0.023811843487531063
2017-08-22,DME-OVB,321.879638671875,291.50457763671875,354.7384948730469,63.233917236328125,-0.048497665068537865
2017-08-23,DME-OVB,324.4561767578125,294.16162109375,357.191162109375,63.029541015625,-0.04088120940421402
2017-08-24,DME-OVB,340.92559814453125,310.3419494628906,374.0714111328125,63.729461669921875,0.007803736684354363
2017-08-25,DME-OVB,357.78857421875,327.0393981933594,391.23077392578125,64.19137573242188,0.05765206236555931
2017-08-26,DME-OVB,347.8194274902344,317.0716857910156,381.323974609375,64.25228881835938,0.028182455654408897
2017-08-27,DME-OVB,335.0231018066406,304.33892822265625,368.3460998535156,64.00717163085938,-0.009644521469384543
2017-08-28,DME-OVB,330.6944580078125,299.88629150390625,364.0787048339844,64.19241333007812,-0.022440343801825902
2017-08-29,DME-OVB,318.6893005371094,287.16845703125,352.61932373046875,65.45086669921875,-0.057928563486172764
2017-08-16,IKT-LED,141.1050262451172,119.34654998779297,163.57958984375,44.23303985595703,-0.05660439493111211
2017-08-17,IKT-LED,138.8855438232422,116.06993865966797,162.06680297851562,45.996864318847656,-0.0714433415172408
2017-08-18,IKT-LED,150.26390075683594,126.8291244506836,173.88653564453125,47.057411193847656,0.004629723586319519
2017-08-19,IKT-LED,128.6106719970703,105.160400390625,152.4777069091797,47.31730651855469,-0.1401387601901578
2017-08-20,IKT-LED,141.23265075683594,117.62532043457031,164.98439025878906,47.35906982421875,-0.05575112693772318
2017-08-21,IKT-LED,145.6815643310547,121.94314575195312,169.68057250976562,47.7374267578125,-0.02600671885254263
2017-08-22,IKT-LED,156.31576538085938,132.39476013183594,180.5838623046875,48.18910217285156,0.04509109197440545
2017-08-23,IKT-LED,139.4632110595703,116.11021423339844,163.80221557617188,47.69200134277344,-0.06758119186471591
2017-08-24,IKT-LED,141.4207000732422,117.55158233642578,165.8538360595703,48.30225372314453,-0.05449387266338971
2017-08-25,IKT-LED,135.9595489501953,112.1495361328125,159.95343017578125,47.80389404296875,-0.09100586708829228
2017-08-26,IKT-LED,143.0569305419922,119.17881774902344,167.39854431152344,48.2197265625,-0.043554413855752
2017-08-27,IKT-LED,128.62274169921875,105.11532592773438,152.9549560546875,47.839630126953125,-0.1400580649507065
2017-08-28,IKT-LED,141.97122192382812,118.35223388671875,166.41290283203125,48.0606689453125,-0.05081321078707703
2017-08-29,IKT-LED,142.24998474121094,117.4709701538086,167.6168212890625,50.145851135253906,-0.04894946700763868
2017-08-16,KHV-DME,189.67251586914062,153.313720703125,221.45260620117188,68.13888549804688,-0.0818066212537
2017-08-17,KHV-DME,206.03709411621094,167.47470092773438,238.27081298828125,70.79611206054688,-0.0025866707808417312
2017-08-18,KHV-DME,211.54173278808594,171.86949157714844,244.07717895507812,72.20768737792969,0.024060957796753112
2017-08-19,KHV-DME,212.12843322753906,171.8867950439453,244.8777313232422,72.99093627929688,0.026901139746703554
2017-08-20,KHV-DME,202.03416442871094,161.16943359375,234.44223022460938,73.27279663085938,-0.021964615436815698
2017-08-21,KHV-DME,191.08758544921875,149.71353149414062,223.74221801757812,74.0286865234375,-0.07495635353784813
2017-08-22,KHV-DME,195.93569946289062,154.12754821777344,228.86129760742188,74.73374938964844,-0.05148692180234868
2017-08-23,KHV-DME,206.26571655273438,164.70132446289062,239.6870574951172,74.98573303222656,-0.0014799231564956333
2017-08-24,KHV-DME,213.49569702148438,171.23184204101562,247.41290283203125,76.18106079101562,0.033519982493785724
2017-08-25,KHV-DME,213.22515869140625,170.77032470703125,247.5433807373047,76.77305603027344,0.03221032252050558
2017-08-26,KHV-DME,211.315185546875,168.5787353515625,246.03829956054688,77.45956420898438,0.022964256069551183
2017-08-27,KHV-DME,194.97946166992188,152.22247314453125,230.24974060058594,78.02726745605469,-0.056116012112868686
2017-08-28,KHV-DME,182.23147583007812,139.38406372070312,217.28512573242188,77.90106201171875,-0.11782825373705585
2017-08-29,KHV-DME,189.73995971679688,145.9271240234375,225.96742248535156,80.04029846191406,-0.08148012959651453
2017-08-16,KRR-DME,162.2346954345703,134.16046142578125,189.7239990234375,55.56353759765625,-0.10649655198957617
2017-08-17,KRR-DME,178.84597778320312,149.1964874267578,207.25482177734375,58.05833435058594,-0.015010338617432166
2017-08-18,KRR-DME,192.3895263671875,161.91189575195312,221.34832763671875,59.436431884765625,0.05958040937935767
2017-08-19,KRR-DME,175.9394073486328,145.0767364501953,205.3463897705078,60.2696533203125,-0.03101820106762709
2017-08-20,KRR-DME,169.6371307373047,138.35757446289062,199.01055908203125,60.652984619140625,-0.06572782857821431
2017-08-21,KRR-DME,178.7249298095703,147.2338409423828,208.2521514892578,61.018310546875,-0.015677007241299643
2017-08-22,KRR-DME,168.08010864257812,136.22171020507812,197.62579345703125,61.404083251953125,-0.07430308800693752
2017-08-23,KRR-DME,170.60000610351562,138.78822326660156,200.1609344482422,61.372711181640625,-0.060424817085473946
2017-08-24,KRR-DME,179.94024658203125,147.7273712158203,209.98965454101562,62.26228332519531,-0.00898368114963534
2017-08-25,KRR-DME,193.7431640625,161.4965362548828,224.094482421875,62.59794616699219,0.06703553442165334
2017-08-26,KRR-DME,175.46792602539062,143.2579345703125,206.05128479003906,62.79335021972656,-0.03361487241628222
2017-08-27,KRR-DME,167.16604614257812,134.87359619140625,197.66954040527344,62.79594421386719,-0.07933726388543964
2017-08-28,KRR-DME,173.69273376464844,141.60671997070312,204.2412567138672,62.63453674316406,-0.043391698463441986
2017-08-29,KRR-DME,166.39865112304688,133.5487060546875,197.74578857421875,64.19708251953125,-0.08356367236036
2017-08-16,KZN-DME,149.5096893310547,126.69392395019531,174.33302307128906,47.63909912109375,-0.1654163860089568
2017-08-17,KZN-DME,148.357177734375,123.7099609375,175.91712951660156,52.20716857910156,-0.17184986394201712
2017-08-18,KZN-DME,158.66232299804688,132.81304931640625,188.4112091064453,55.59815979003906,-0.11432512853647839
2017-08-19,KZN-DME,158.8374786376953,132.46755981445312,189.91383361816406,57.44627380371094,-0.11334738571308667
2017-08-20,KZN-DME,165.88763427734375,139.0003662109375,197.95242309570312,58.952056884765625,-0.07399244918751102
2017-08-21,KZN-DME,177.44981384277344,149.798583984375,209.84579467773438,60.047210693359375,-0.009450775761776052
2017-08-22,KZN-DME,157.85939025878906,129.31716918945312,190.69140625,61.374237060546875,-0.11880720930219799
2017-08-23,KZN-DME,141.10910034179688,112.97601318359375,174.21337890625,61.23736572265625,-0.21230962686032853
2017-08-24,KZN-DME,142.79759216308594,114.01533508300781,176.1062469482422,62.090911865234375,-0.2028842337417593
2017-08-25,KZN-DME,155.83241271972656,127.15637969970703,189.0304718017578,61.87409210205078,-0.130122076159882
2017-08-26,KZN-DME,155.9103546142578,127.09281158447266,189.86708068847656,62.774269104003906,-0.12968699380585422
2017-08-27,KZN-DME,159.30821228027344,130.89413452148438,193.51092529296875,62.616790771484375,-0.11071968590459863
2017-08-28,KZN-DME,169.22572326660156,140.71047973632812,203.6948699951172,62.98439025878906,-0.05535877824411111
2017-08-29,KZN-DME,150.23915100097656,121.49746704101562,186.01678466796875,64.51931762695312,-0.1613444308373335
2017-08-16,LED-DME,269.4779357910156,198.617919921875,341.578125,142.960205078125,-0.07713035661593842
2017-08-17,LED-DME,223.7460479736328,145.86373901367188,306.9410400390625,161.07730102539062,-0.2337464102487013
2017-08-18,LED-DME,238.67266845703125,154.5216064453125,328.21209716796875,173.69049072265625,-0.18262784712445515
2017-08-19,LED-DME,252.02880859375,161.8722686767578,347.5174865722656,185.6452178955078,-0.13688764133343273
2017-08-20,LED-DME,276.0489196777344,181.83599853515625,376.6658630371094,194.82986450195312,-0.05462698721794054
2017-08-21,LED-DME,294.19647216796875,196.1068878173828,398.8090515136719,202.70216369628906,0.00752216493303625
2017-08-22,LED-DME,267.30633544921875,163.8594970703125,376.57086181640625,212.71136474609375,-0.08456734406237638
2017-08-23,LED-DME,235.04299926757812,127.42637634277344,347.73321533203125,220.3068389892578,-0.19505822101836867
2017-08-24,LED-DME,208.01614379882812,95.32955169677734,327.95391845703125,232.6243667602539,-0.2876159449094381
2017-08-25,LED-DME,213.73980712890625,97.95970153808594,338.325927734375,240.36622619628906,-0.26801435822972397
2017-08-26,LED-DME,221.41842651367188,102.63324737548828,347.6136169433594,244.9803695678711,-0.24171771659113153
2017-08-27,LED-DME,244.6568603515625,125.06766510009766,374.37322998046875,249.3055648803711,-0.16213403933665568
2017-08-28,LED-DME,260.2877197265625,142.48806762695312,388.61566162109375,246.12759399414062,-0.1086036991946363
2017-08-29,LED-DME,239.17010498046875,119.42855072021484,373.79510498046875,254.3665542602539,-0.18092429739248955
2017-08-16,LED-IKT,144.7832794189453,120.55050659179688,170.53855895996094,49.98805236816406,-0.062457962937958605
2017-08-17,LED-IKT,144.4872589111328,119.11152648925781,171.33981323242188,52.22828674316406,-0.06437483945231583
2017-08-18,LED-IKT,155.42774963378906,129.3195343017578,183.01190185546875,53.69236755371094,0.006470149892429855
2017-08-19,LED-IKT,137.1837615966797,110.85871887207031,165.3238525390625,54.46513366699219,-0.11166853061648935
2017-08-20,LED-IKT,142.39590454101562,115.5691909790039,170.58151245117188,55.01232147216797,-0.07791737441011405
2017-08-21,LED-IKT,147.61387634277344,120.70429992675781,175.94515991210938,55.24085998535156,-0.04412847352185811
2017-08-22,LED-IKT,150.51275634765625,123.31993865966797,179.12232971191406,55.802391052246094,-0.0253568180025747
2017-08-23,LED-IKT,142.69888305664062,115.84518432617188,171.07196044921875,55.226776123046875,-0.07595544141686267
2017-08-24,LED-IKT,148.02200317382812,120.8979263305664,176.98489379882812,56.08696746826172,-0.04148565413373891
2017-08-25,LED-IKT,148.14698791503906,121.08517456054688,177.1178436279297,56.03266906738281,-0.04067631725079562
2017-08-26,LED-IKT,141.581298828125,114.63987731933594,170.7635955810547,56.12371826171875,-0.08319234191503541
2017-08-27,LED-IKT,134.4592742919922,107.75224304199219,163.5628662109375,55.81062316894531,-0.12931090872945375
2017-08-28,LED-IKT,146.60391235351562,119.72457122802734,175.98851013183594,56.263938903808594,-0.05066848071818748
2017-08-29,LED-IKT,141.91815185546875,114.25633239746094,171.88623046875,57.62989807128906,-0.08101105501137819
2017-08-16,LED-SVO,426.82000732421875,363.2751159667969,476.4107360839844,113.1356201171875,-0.023614352538641505
2017-08-17,LED-SVO,422.2704162597656,348.30987548828125,482.29779052734375,133.9879150390625,-0.034021913877181544
2017-08-18,LED-SVO,441.5344543457031,358.154541015625,509.9605712890625,151.8060302734375,0.010046147442405574
2017-08-19,LED-SVO,438.0839538574219,348.2635498046875,515.5123901367188,167.24884033203125,0.002152845611163714
2017-08-20,LED-SVO,444.36822509765625,346.42694091796875,527.662841796875,181.23590087890625,0.016528629604537652
2017-08-21,LED-SVO,443.90460205078125,340.8585205078125,533.9765625,193.1180419921875,0.015468053998960144
2017-08-22,LED-SVO,410.2380676269531,302.91229248046875,505.7680969238281,202.85580444335938,-0.06154689462130193
2017-08-23,LED-SVO,386.0487976074219,275.643310546875,485.08966064453125,209.44635009765625,-0.11688182646380596
2017-08-24,LED-SVO,392.2368469238281,278.4639587402344,493.6910095214844,215.22705078125,-0.10272615798414884
2017-08-25,LED-SVO,408.6416931152344,293.1034240722656,512.6190185546875,219.51559448242188,-0.06519873176767893
2017-08-26,LED-SVO,407.51580810546875,292.1463623046875,513.0753173828125,220.928955078125,-0.0677742857313816
2017-08-27,LED-SVO,404.4683532714844,290.1011962890625,513.3565063476562,223.25531005859375,-0.07474558769276682
2017-08-28,LED-SVO,414.32769775390625,296.88897705078125,524.8504638671875,227.96148681640625,-0.05219153151388776
2017-08-29,LED-SVO,384.9588623046875,265.5428771972656,502.636474609375,237.09359741210938,-0.11937514253497504
2017-08-16,LED-VKO,288.61566162109375,227.29193115234375,348.5931701660156,121.30123901367188,-0.10763705220875286
2017-08-17,LED-VKO,278.15997314453125,207.4389190673828,346.6938781738281,139.2549591064453,-0.13996471213336836
2017-08-18,LED-VKO,317.366943359375,237.88827514648438,394.304931640625,156.41665649414062,-0.018741743160912656
2017-08-19,LED-VKO,289.51348876953125,204.25238037109375,372.8359375,168.58355712890625,-0.10486108477333848
2017-08-20,LED-VKO,317.3564758300781,226.24838256835938,404.862060546875,178.61367797851562,-0.018774107431148795
2017-08-21,LED-VKO,351.0546875,255.95819091796875,442.5960998535156,186.63790893554688,0.08541648024511102
2017-08-22,LED-VKO,299.42987060546875,198.35968017578125,394.514892578125,196.15521240234375,-0.07420089243943141
2017-08-23,LED-VKO,260.07830810546875,154.24066162109375,357.4513244628906,203.21066284179688,-0.19587092238092157
2017-08-24,LED-VKO,261.66259765625,152.0618896484375,364.4627380371094,212.40084838867188,-0.190972500442033
2017-08-25,LED-VKO,294.1229248046875,181.64324951171875,399.16387939453125,217.5206298828125,-0.09060929437973354
2017-08-26,LED-VKO,279.8163146972656,163.45367431640625,388.57489013671875,225.1212158203125,-0.1348435145617465
2017-08-27,LED-VKO,296.6139831542969,179.16690063476562,407.68798828125,228.52108764648438,-0.08290725855884404
2017-08-28,LED-VKO,327.99249267578125,210.47909545898438,441.00762939453125,230.52853393554688,0.014111104892374394
2017-08-29,LED-VKO,274.84381103515625,154.30355834960938,392.56707763671875,238.26351928710938,-0.15021786391453315
2017-08-16,OVB-DME,316.768798828125,292.1104431152344,346.6526184082031,54.54217529296875,-0.020158350975355014
2017-08-17,OVB-DME,330.7578125,305.1344299316406,362.6072082519531,57.4727783203125,0.023113013603213235
2017-08-18,OVB-DME,341.6535339355469,315.48785400390625,374.8021240234375,59.31427001953125,0.05681608557403908
2017-08-19,OVB-DME,335.6031494140625,309.1008605957031,369.6548767089844,60.55401611328125,0.038100799377983385
2017-08-20,OVB-DME,319.50616455078125,292.7034606933594,354.0067443847656,61.30328369140625,-0.011691024189616138
2017-08-21,OVB-DME,308.18768310546875,281.4378967285156,343.1405334472656,61.70263671875,-0.04670179396822856
2017-08-22,OVB-DME,305.6130676269531,278.7377624511719,340.9178466796875,62.180084228515625,-0.05466569532922725
2017-08-23,OVB-DME,314.1103210449219,287.2059326171875,349.41534423828125,62.20941162109375,-0.02838165849933627
2017-08-24,OVB-DME,330.6791687011719,303.5162658691406,366.5867919921875,63.070526123046875,0.02286974952679181
2017-08-25,OVB-DME,342.16241455078125,314.833984375,378.2760314941406,63.442047119140625,0.05839017500916802
2017-08-26,OVB-DME,334.2654724121094,306.986572265625,370.4635314941406,63.476959228515625,0.033963044522810557
2017-08-27,OVB-DME,319.1628112792969,291.9195251464844,355.28887939453125,63.369354248046875,-0.012753097966805686
2017-08-28,OVB-DME,308.81744384765625,281.43658447265625,345.0329895019531,63.596405029296875,-0.04475379339351667
2017-08-29,OVB-DME,303.3558349609375,275.29632568359375,340.2201232910156,64.92379760742188,-0.061647855753174004
2017-08-16,OVB-SVO,274.4864807128906,238.9451141357422,309.0283508300781,70.08323669433594,-0.057672671452163406
2017-08-17,OVB-SVO,286.2562561035156,249.01589965820312,321.91156005859375,72.89566040039062,-0.017266379192361878
2017-08-18,OVB-SVO,295.6620788574219,257.5760498046875,332.0943298339844,74.51828002929688,0.015024332441859503
2017-08-19,OVB-SVO,277.53961181640625,239.10235595703125,314.39715576171875,75.2947998046875,-0.0471911028935648
2017-08-20,OVB-SVO,269.39923095703125,230.54750061035156,306.4664306640625,75.91893005371094,-0.07513748225879872
2017-08-21,OVB-SVO,282.6741027832031,243.5681915283203,319.65032958984375,76.08213806152344,-0.02956411038740716
2017-08-22,OVB-SVO,272.526123046875,233.28746032714844,309.8042297363281,76.51676940917969,-0.06440268813964103
2017-08-23,OVB-SVO,273.25732421875,234.156982421875,310.6400451660156,76.48306274414062,-0.061892433927396316
2017-08-24,OVB-SVO,283.481201171875,243.83517456054688,321.3786315917969,77.54345703125,-0.026793296816821348
2017-08-25,OVB-SVO,294.0907287597656,254.2096710205078,332.2926025390625,78.08293151855469,0.009629800330487196
2017-08-26,OVB-SVO,274.34027099609375,234.4546356201172,312.6072692871094,78.15263366699219,-0.05817461752607261
2017-08-27,OVB-SVO,266.132080078125,226.3791961669922,304.38232421875,78.00312805175781,-0.08635379258661571
2017-08-28,OVB-SVO,277.74139404296875,238.074951171875,315.91357421875,77.838623046875,-0.046498373308783404
2017-08-29,OVB-SVO,269.63873291015625,229.21075439453125,308.8791809082031,79.66842651367188,-0.07431525875889486
2017-08-16,PEE-VKO,254.97894287109375,220.64773559570312,290.2672424316406,69.6195068359375,-0.15249165465280357
2017-08-17,PEE-VKO,275.1100158691406,237.4737091064453,313.19171142578125,75.71800231933594,-0.08557925746574895
2017-08-18,PEE-VKO,311.0063781738281,271.2182312011719,350.6668701171875,79.44863891601562,0.033734385296099866
2017-08-19,PEE-VKO,291.36859130859375,250.05075073242188,332.380859375,82.33010864257812,-0.03153840938944783
2017-08-20,PEE-VKO,282.77471923828125,240.11830139160156,324.88128662109375,84.76298522949219,-0.06010303589491407
2017-08-21,PEE-VKO,287.782470703125,243.58547973632812,330.55126953125,86.96578979492188,-0.04345808830259302
2017-08-22,PEE-VKO,266.9136047363281,222.36721801757812,310.3302307128906,87.9630126953125,-0.11282278876089433
2017-08-23,PEE-VKO,267.10205078125,222.59967041015625,311.24249267578125,88.642822265625,-0.11219642490004272
2017-08-24,PEE-VKO,285.68450927734375,239.8565673828125,330.44671630859375,90.59014892578125,-0.050431369270707044
2017-08-25,PEE-VKO,309.8438720703125,264.0926818847656,355.2628173828125,91.17013549804688,0.0298704049638861
2017-08-26,PEE-VKO,283.74530029296875,237.62130737304688,328.8838195800781,91.26251220703125,-0.05687698306405994
2017-08-27,PEE-VKO,272.7767639160156,226.84390258789062,318.84063720703125,91.99673461914062,-0.09333460569980076
2017-08-28,PEE-VKO,283.9884948730469,237.62977600097656,330.4269104003906,92.79713439941406,-0.05606864401837145
2017-08-29,PEE-VKO,254.88772583007812,207.44497680664062,303.3898620605469,95.94488525390625,-0.15279484519208866
2017-08-16,SCW-DME,158.5878143310547,134.362060546875,184.47621154785156,50.11415100097656,-0.10402364725944444
2017-08-17,SCW-DME,156.78790283203125,130.9208984375,184.9703369140625,54.0494384765625,-0.11419263872189893
2017-08-18,SCW-DME,159.6363067626953,132.8268280029297,189.24900817871094,56.42218017578125,-0.09809996123844478
2017-08-19,SCW-DME,159.33901977539062,131.96392822265625,190.021484375,58.05755615234375,-0.09977954872785212
2017-08-20,SCW-DME,160.13766479492188,132.4328155517578,191.53009033203125,59.09727478027344,-0.09526742999893048
2017-08-21,SCW-DME,161.78831481933594,133.60797119140625,193.5753173828125,59.96734619140625,-0.08594172369899626
2017-08-22,SCW-DME,155.14413452148438,126.68549346923828,187.19989013671875,60.51439666748047,-0.12347946528269017
2017-08-23,SCW-DME,150.034423828125,121.41116333007812,182.2640838623047,60.85292053222656,-0.15234788711597239
2017-08-24,SCW-DME,149.0148468017578,119.85993194580078,181.76812744140625,61.90819549560547,-0.15810820926629365
2017-08-25,SCW-DME,151.55117797851562,122.32487487792969,184.583740234375,62.25886535644531,-0.14377865467630352
2017-08-26,SCW-DME,151.66452026367188,122.41102600097656,184.61813354492188,62.20710754394531,-0.14313830278638318
2017-08-27,SCW-DME,152.7474822998047,123.3658447265625,185.87034606933594,62.50450134277344,-0.13701987323827933
2017-08-28,SCW-DME,153.52243041992188,124.40975952148438,186.6686248779297,62.25886535644531,-0.13264163529625136
2017-08-29,SCW-DME,146.86534118652344,116.85771942138672,180.97410583496094,64.11638641357422,-0.1702523087187811
2017-08-16,SVO-AER,323.1164855957031,287.3792724609375,352.81976318359375,65.44049072265625,-0.03341219726510905
2017-08-17,SVO-AER,325.591552734375,287.0964050292969,355.8816223144531,68.78521728515625,-0.026008150098108206
2017-08-18,SVO-AER,321.70166015625,281.50006103515625,352.2685852050781,70.76852416992188,-0.037644581156078875
2017-08-19,SVO-AER,325.85784912109375,284.5198059082031,356.522216796875,72.00241088867188,-0.025211536957049932
2017-08-20,SVO-AER,323.6998291015625,281.595458984375,354.0416259765625,72.4461669921875,-0.03166715254916486
2017-08-21,SVO-AER,316.6804504394531,273.9588623046875,346.79937744140625,72.84051513671875,-0.05266529433096123
2017-08-22,SVO-AER,324.907470703125,281.9329833984375,355.24627685546875,73.31329345703125,-0.028054549384145602
2017-08-23,SVO-AER,328.0563049316406,285.0431823730469,358.6501159667969,73.60693359375,-0.018634959594146294
2017-08-24,SVO-AER,328.83270263671875,285.2484130859375,359.49639892578125,74.24798583984375,-0.01631240230310073
2017-08-25,SVO-AER,320.7744140625,277.01373291015625,351.4663391113281,74.45260620117188,-0.04041839432109316
2017-08-26,SVO-AER,326.6824951171875,282.6949157714844,357.60028076171875,74.90536499023438,-0.02274464716818026
2017-08-27,SVO-AER,320.2954406738281,276.32733154296875,351.27606201171875,74.94873046875,-0.041851220730548776
2017-08-28,SVO-AER,313.19403076171875,269.3505859375,343.9932861328125,74.6427001953125,-0.06309475514621686
2017-08-29,SVO-AER,318.8145446777344,274.6158447265625,350.28558349609375,75.66973876953125,-0.04628125159039222
2017-08-16,SVO-LED,439.0857238769531,382.7561340332031,495.780517578125,113.02438354492188,-0.046354280244484916
2017-08-17,SVO-LED,406.0142517089844,337.3747253417969,474.3412780761719,136.966552734375,-0.11818186673191902
2017-08-18,SVO-LED,426.8016052246094,349.88983154296875,505.4131774902344,155.52334594726562,-0.07303402980149765
2017-08-19,SVO-LED,437.0631408691406,352.8947448730469,524.8777465820312,171.98300170898438,-0.050747107246071343
2017-08-20,SVO-LED,462.53802490234375,373.0604248046875,555.3277587890625,182.267333984375,0.004581528469289911
2017-08-21,SVO-LED,441.05584716796875,345.7620544433594,539.390869140625,193.62881469726562,-0.042075389956274786
2017-08-22,SVO-LED,416.8298034667969,319.7333068847656,517.6085205078125,197.87521362304688,-0.0946916823413367
2017-08-23,SVO-LED,396.2445983886719,299.65533447265625,498.7709655761719,199.11563110351562,-0.1394004751825175
2017-08-24,SVO-LED,405.7784423828125,307.19122314453125,508.855224609375,201.66400146484375,-0.11869401855522245
2017-08-25,SVO-LED,397.33026123046875,300.20916748046875,501.064453125,200.85528564453125,-0.13704253534635602
2017-08-26,SVO-LED,404.3035888671875,306.7406921386719,507.3021240234375,200.56143188476562,-0.12189723756863105
2017-08-27,SVO-LED,375.94683837890625,280.8045654296875,481.82745361328125,201.02288818359375,-0.18348496906890405
2017-08-28,SVO-LED,384.6371765136719,292.30126953125,487.96917724609375,195.66790771484375,-0.16461051404586768
2017-08-29,SVO-LED,372.1978759765625,275.3484191894531,484.1548767089844,208.80645751953125,-0.191627301524648
2017-08-16,SVO-OVB,279.12811279296875,242.54840087890625,317.2214660644531,74.67306518554688,-0.06912969908204764
2017-08-17,SVO-OVB,289.78118896484375,251.39080810546875,329.53662109375,78.14581298828125,-0.03360252811004593
2017-08-18,SVO-OVB,296.9408264160156,257.7906494140625,337.9290771484375,80.138427734375,-0.00972570044811054
2017-08-19,SVO-OVB,279.3702697753906,239.85964965820312,321.15240478515625,81.29275512695312,-0.06832212459578994
2017-08-20,SVO-OVB,274.24139404296875,234.21136474609375,316.34185791015625,82.1304931640625,-0.08542652168261108
2017-08-21,SVO-OVB,289.261474609375,249.06405639648438,331.4574279785156,82.39337158203125,-0.03533573460040112
2017-08-22,SVO-OVB,278.1859130859375,237.69686889648438,320.67840576171875,82.98153686523438,-0.07227186098358764
2017-08-23,SVO-OVB,276.6701965332031,236.32485961914062,319.2664794921875,82.94161987304688,-0.07732665644785487
2017-08-24,SVO-OVB,283.86956787109375,242.80995178222656,327.1109619140625,84.30101013183594,-0.05331731939951652
2017-08-25,SVO-OVB,294.1529541015625,252.8704071044922,337.8362731933594,84.96586608886719,-0.019023035299162654
2017-08-26,SVO-OVB,274.9284973144531,233.64947509765625,318.7201232910156,85.07064819335938,-0.08313508632557368
2017-08-27,SVO-OVB,268.33172607421875,227.17471313476562,312.069580078125,84.89486694335938,-0.10513479945385604
2017-08-28,SVO-OVB,281.82232666015625,240.77462768554688,325.55047607421875,84.77584838867188,-0.06014470778465965
2017-08-29,SVO-OVB,273.5971374511719,231.80258178710938,318.4755859375,86.67300415039062,-0.08757506673357342
2017-08-16,SVO-SVX,319.13665771484375,274.12451171875,368.92828369140625,94.80377197265625,-0.1434215772293863
2017-08-17,SVO-SVX,331.7074890136719,283.44927978515625,385.3311767578125,101.88189697265625,-0.10968085032503204
2017-08-18,SVO-SVX,348.0146484375,298.43145751953125,403.75341796875,105.32196044921875,-0.06591163573407302
2017-08-19,SVO-SVX,337.58465576171875,287.3774719238281,395.3620910644531,107.984619140625,-0.09390624691947305
2017-08-20,SVO-SVX,339.1597595214844,287.8158264160156,397.3643798828125,109.54855346679688,-0.08967859128231341
2017-08-21,SVO-SVX,351.33416748046875,300.0234680175781,410.08612060546875,110.06265258789062,-0.05700188403825214
2017-08-22,SVO-SVX,332.6356506347656,281.6519470214844,392.00555419921875,110.35360717773438,-0.10718961907421203
2017-08-23,SVO-SVX,321.0552062988281,269.9811096191406,380.75531005859375,110.77420043945312,-0.13827209886267028
2017-08-24,SVO-SVX,330.0881042480469,278.0273132324219,390.0096740722656,111.98236083984375,-0.11402735835072787
2017-08-25,SVO-SVX,348.53045654296875,296.2593994140625,408.9041748046875,112.644775390625,-0.06452718151557628
2017-08-26,SVO-SVX,339.1220703125,286.7359619140625,399.1971740722656,112.46121215820312,-0.08977975096518191
2017-08-27,SVO-SVX,336.9581298828125,285.1731262207031,397.4250183105469,112.25189208984375,-0.09558787306464747
2017-08-28,SVO-SVX,346.6507263183594,295.28607177734375,406.469482421875,111.18341064453125,-0.06957246950447149
2017-08-29,SVO-SVX,329.75750732421875,277.66168212890625,390.94921875,113.28753662109375,-0.11491469668636715
2017-08-16,SVO-UFA,166.74209594726562,144.91778564453125,187.22488403320312,42.307098388671875,-0.09589879279112215
2017-08-17,SVO-UFA,171.36495971679688,148.18936157226562,192.6763153076172,44.48695373535156,-0.07083291685868008
2017-08-18,SVO-UFA,176.5862579345703,152.5803985595703,198.4845733642578,45.9041748046875,-0.04252223762223343
2017-08-19,SVO-UFA,182.80186462402344,158.23269653320312,205.17318725585938,46.94049072265625,-0.008820265448719266
2017-08-20,SVO-UFA,179.62222290039062,154.5311737060547,202.2202606201172,47.6890869140625,-0.026060770237005034
2017-08-21,SVO-UFA,170.68727111816406,145.17678833007812,193.57009887695312,48.393310546875,-0.07450744831386139
2017-08-22,SVO-UFA,165.93594360351562,140.1038360595703,189.1350860595703,49.03125,-0.10026987436273718
2017-08-23,SVO-UFA,166.09259033203125,140.22828674316406,189.47897338867188,49.25068664550781,-0.0994205117905423
2017-08-24,SVO-UFA,170.22625732421875,144.02215576171875,193.9357147216797,49.91355895996094,-0.0770071357669808
2017-08-25,SVO-UFA,173.29281616210938,146.90045166015625,197.10789489746094,50.20744323730469,-0.060379783718081
2017-08-26,SVO-UFA,178.43734741210938,152.14877319335938,202.28106689453125,50.132293701171875,-0.032485346747435286
2017-08-27,SVO-UFA,173.51609802246094,147.42164611816406,197.5192413330078,50.09759521484375,-0.05916911524750554
2017-08-28,SVO-UFA,164.45140075683594,138.51409912109375,188.37445068359375,49.8603515625,-0.10831929322221627
2017-08-29,SVO-UFA,160.28912353515625,133.84783935546875,184.9310302734375,51.08319091796875,-0.1308877982953458
2017-08-16,SVX-SVO,298.51129150390625,246.4150848388672,353.06231689453125,106.64723205566406,-0.16416837312636826
2017-08-17,SVX-SVO,315.017333984375,258.7882080078125,373.3358154296875,114.547607421875,-0.11795145374629176
2017-08-18,SVX-SVO,330.7098693847656,272.5563659667969,390.96478271484375,118.40841674804688,-0.07401235421186153
2017-08-19,SVX-SVO,318.27105712890625,258.69073486328125,380.3763122558594,121.68557739257812,-0.10884102885590222
2017-08-20,SVX-SVO,323.400634765625,263.22076416015625,385.60601806640625,122.38525390625,-0.09447821133797824
2017-08-21,SVX-SVO,340.1571350097656,279.2349853515625,402.6748046875,123.4398193359375,-0.0475600102130235
2017-08-22,SVX-SVO,319.8687744140625,258.6070251464844,383.0912170410156,124.48419189453125,-0.10436742041538134
2017-08-23,SVX-SVO,304.13177490234375,242.6700897216797,368.0210876464844,125.35099792480469,-0.14843101946270149
2017-08-24,SVX-SVO,312.8184509277344,250.608642578125,377.1744689941406,126.56582641601562,-0.1241083263628034
2017-08-25,SVX-SVO,333.5420837402344,271.16119384765625,398.5303039550781,127.36911010742188,-0.06608215394194938
2017-08-26,SVX-SVO,324.34063720703125,262.2714538574219,389.20404052734375,126.93258666992188,-0.09184620447728137
2017-08-27,SVX-SVO,323.811279296875,261.5412292480469,388.3055725097656,126.76434326171875,-0.09332840663966199
2017-08-28,SVX-SVO,337.1294250488281,275.39959716796875,400.9312744140625,125.53167724609375,-0.05603759818339744
2017-08-29,SVX-SVO,318.5910339355469,255.34388732910156,383.7915344238281,128.44764709472656,-0.10794509378888037
2017-08-16,UFA-SVO,161.4213409423828,136.32730102539062,185.8650360107422,49.53773498535156,-0.10887270145596566
2017-08-17,UFA-SVO,165.09584045410156,138.27252197265625,190.78416442871094,52.51164245605469,-0.08858760913807331
2017-08-18,UFA-SVO,171.76466369628906,143.96217346191406,198.3142547607422,54.352081298828125,-0.051772338190818966
2017-08-19,UFA-SVO,178.35523986816406,149.81939697265625,205.6014862060547,55.78208923339844,-0.015389030573490668
2017-08-20,UFA-SVO,177.39097595214844,148.1521453857422,204.96493530273438,56.81278991699219,-0.020712254183347687
2017-08-21,UFA-SVO,169.4959259033203,139.71803283691406,197.43856811523438,57.72053527832031,-0.06429691614454845
2017-08-22,UFA-SVO,165.13900756835938,135.05902099609375,193.54873657226562,58.489715576171875,-0.08834930487513244
2017-08-23,UFA-SVO,161.60723876953125,131.64662170410156,190.43521118164062,58.78858947753906,-0.10784645160251614
2017-08-24,UFA-SVO,164.0353546142578,133.43148803710938,193.11068725585938,59.67919921875,-0.09444202634358433
2017-08-25,UFA-SVO,168.0504913330078,137.2297821044922,197.1997528076172,59.969970703125,-0.07227644467755057
2017-08-26,UFA-SVO,175.36203002929688,144.51971435546875,204.536376953125,60.01666259765625,-0.03191305995888141
2017-08-27,UFA-SVO,170.48464965820312,139.76864624023438,199.98971557617188,60.2210693359375,-0.05883866187598015
2017-08-28,UFA-SVO,163.73886108398438,133.02175903320312,193.12152099609375,60.099761962890625,-0.09607882031078266
2017-08-29,UFA-SVO,159.57009887695312,128.17941284179688,189.84713745117188,61.667724609375,-0.11909249222753707
2017-08-16,VKO-AER,181.8837432861328,149.66064453125,212.28024291992188,62.619598388671875,-0.1489396771363922
2017-08-17,VKO-AER,186.8993377685547,150.87831115722656,221.0692596435547,70.19094848632812,-0.12547098576808757
2017-08-18,VKO-AER,197.24691772460938,158.5048370361328,235.1851348876953,76.6802978515625,-0.0770531638631076
2017-08-19,VKO-AER,192.10296630859375,151.84739685058594,232.2476806640625,80.40028381347656,-0.10112245587208425
2017-08-20,VKO-AER,190.9319305419922,148.0878448486328,231.83897399902344,83.75112915039062,-0.10660190144607085
2017-08-21,VKO-AER,193.72657775878906,149.63241577148438,234.90499877929688,85.2725830078125,-0.09352534327452033
2017-08-22,VKO-AER,185.27682495117188,140.7653350830078,227.61209106445312,86.84675598144531,-0.13306295770396243
2017-08-23,VKO-AER,185.871337890625,141.46937561035156,229.33140563964844,87.86203002929688,-0.13028114574938995
2017-08-24,VKO-AER,193.5606689453125,147.49876403808594,238.10202026367188,90.60325622558594,-0.09430165458764767
2017-08-25,VKO-AER,205.52008056640625,159.51075744628906,250.73915100097656,91.2283935546875,-0.038341839402103145
2017-08-26,VKO-AER,197.04598999023438,150.7516632080078,242.89451599121094,92.14285278320312,-0.07799333376757375
2017-08-27,VKO-AER,189.91050720214844,144.55355834960938,236.45382690429688,91.9002685546875,-0.11138128885531785
2017-08-28,VKO-AER,186.12918090820312,140.7141876220703,232.79454040527344,92.08035278320312,-0.1290746610101988
2017-08-29,VKO-AER,175.2239532470703,129.05755615234375,223.9714813232422,94.91392517089844,-0.18010179711085164
2017-08-16,VKO-LED,300.01507568359375,242.81495666503906,351.84381103515625,109.02885437011719,-0.08928637736839407
2017-08-17,VKO-LED,291.244384765625,224.48410034179688,351.2740783691406,126.78997802734375,-0.11591033169489424
2017-08-18,VKO-LED,326.3748474121094,250.82730102539062,393.8783264160156,143.051025390625,-0.009269721312350513
2017-08-19,VKO-LED,298.8006896972656,218.05764770507812,371.5965881347656,153.5389404296875,-0.0929727183120138
2017-08-20,VKO-LED,321.94549560546875,235.55538940429688,400.5811767578125,165.02578735351562,-0.022715282363236604
2017-08-21,VKO-LED,354.810546875,265.26373291015625,438.86431884765625,173.6005859375,0.07704853694379829
2017-08-22,VKO-LED,309.2686767578125,213.21572875976562,396.6810302734375,183.46530151367188,-0.06119652051904218
2017-08-23,VKO-LED,270.1673278808594,168.74948120117188,358.42681884765625,189.67733764648438,-0.1798909924074264
2017-08-24,VKO-LED,272.0814208984375,166.85311889648438,366.517578125,199.66445922851562,-0.1740806491228092
2017-08-25,VKO-LED,301.84783935546875,194.3099365234375,398.2126770019531,203.90274047851562,-0.08372291415350637
2017-08-26,VKO-LED,284.7715759277344,173.4667510986328,386.02093505859375,212.55418395996094,-0.13555892819384346
2017-08-27,VKO-LED,300.7887878417969,189.04019165039062,402.9490051269531,213.9088134765625,-0.08693772805963146
2017-08-28,VKO-LED,334.8726806640625,220.56036376953125,440.707763671875,220.14739990234375,0.0165259573280515
2017-08-29,VKO-LED,285.9465026855469,169.0288543701172,395.9697265625,226.9408721923828,-0.13199236808705686
2017-08-16,VKO-PEE,265.4334716796875,229.39195251464844,299.97894287109375,70.58699035644531,-0.1325703535547129
2017-08-17,VKO-PEE,277.1393127441406,237.9170684814453,314.1302490234375,76.21318054199219,-0.09431597111615492
2017-08-18,VKO-PEE,309.3402099609375,268.02716064453125,347.5861511230469,79.55899047851562,0.010915718790920854
2017-08-19,VKO-PEE,295.2964172363281,252.47076416015625,334.68292236328125,82.212158203125,-0.034979028525140024
2017-08-20,VKO-PEE,292.68804931640625,248.37939453125,332.9734802246094,84.59408569335938,-0.04350310666696289
2017-08-21,VKO-PEE,298.95831298828125,253.41603088378906,339.84747314453125,86.43144226074219,-0.02301204898270164
2017-08-22,VKO-PEE,276.348388671875,230.34364318847656,317.72735595703125,87.38371276855469,-0.09690069029811867
2017-08-23,VKO-PEE,270.99298095703125,224.8480682373047,313.0054931640625,88.15742492675781,-0.11440202264237492
2017-08-24,VKO-PEE,284.35223388671875,237.2174835205078,326.8464660644531,89.62898254394531,-0.07074433347234287
2017-08-25,VKO-PEE,306.67071533203125,259.0692138671875,349.6758728027344,90.60665893554688,0.0021918801628737577
2017-08-26,VKO-PEE,288.7101745605469,240.97262573242188,331.6038818359375,90.63125610351562,-0.05650269732990336
2017-08-27,VKO-PEE,284.0687255859375,236.49432373046875,327.90850830078125,91.4141845703125,-0.0716708311842865
2017-08-28,VKO-PEE,295.5215148925781,247.61978149414062,339.48846435546875,91.86868286132812,-0.034243415271825034
2017-08-29,VKO-PEE,267.0460205078125,218.0245819091797,312.8713073730469,94.84672546386719,-0.12730058615976117
